Season,Name,Tm,G,TBF,ERA,H,2B,3B,R,ER,HR,BB,IBB,HBP,SO,AVG,OBP,SLG,wOBA,playerId
"Total","Ryan Vogelsong","2 Tms",2,3,27.00000027,1,0,0,2,2,0,0,0,0,0,0.5,0.333333333,0.5,0.2936079502105713,1011
"Total","Adam Ottavino","NYY",1,1,0,0,0,0,0,0,0,0,0,0,0,0,0,0,0,1247
"Total","Andrew Bailey","PHI",1,0,9,0,0,0,1,1,0,0,0,0,0,0,0,0,0,1368
"Total","Javier Lopez","SFG",1,1,0,1,0,0,0,0,0,0,0,0,0,1,1,1,0.8784541487693787,1663
"Total","Neal Cotts","MIL",1,1,13.49999993,0,0,0,1,1,0,0,0,0,0,0,0,0,0,1797
"Total","Ryan Madson","KCR",1,1,0,0,0,0,0,0,0,0,0,0,0,0,0,0,0,1852
"Total","Matt Moore","TEX",1,2,0,0,0,0,0,0,0,0,0,0,0,0,0,0,0,1890
"Total","Chien-Ming Wang","KCR",1,2,27.00000027,0,0,0,1,1,0,0,0,0,0,0,0,0,0,2074
"Total","Blaine Boyer","2 Tms",3,2,27.00000027,0,0,0,2,2,0,0,0,0,0,0,0,0,0,2237
"Total","Ross Detwiler","CLE",1,1,27.00000027,0,0,0,1,1,0,0,0,0,0,0,0,0,0,2859
"Total","Luis Avilan","NYM",1,1,0,0,0,0,0,0,0,0,0,0,0,0,0,0,0,2882
"Total","Tony Watson","LAA",1,1,18,1,0,0,2,2,0,0,0,0,0,1,1,1,0.8790553212165833,3132
"Total","Will Harris","HOU",5,10,20.25000005,7,0,0,4,3,1,0,0,0,0,0.7,0.7,1,0.7229930400848389,3192
"Total","T.J. McFarland","2 Tms",3,3,18,1,1,0,3,2,0,0,0,0,0,0.333333333,0.333333333,0.666666666,0.4107227722803752,3237
"Total","Joe Smith","3 Tms",3,3,13.50000014,1,0,0,1,1,1,0,0,0,1,0.5,0.333333333,2,0.6688395341237386,3281
"Total","Danny Duffy","KCR",1,1,0,0,0,0,0,0,0,0,0,0,1,0,0,0,0,3542
"Total","Clay Buchholz","BOS",1,1,0,0,0,0,0,0,0,0,0,0,0,0,0,0,0,3543
"Total","Liam Hendriks","TOR",1,1,0,0,0,0,0,0,0,0,0,0,1,0,0,0,0,3548
"Total","Tony Barnette","TEX",4,6,162.00000162,4,0,0,6,6,1,1,0,0,0,1,0.833333333,1.75,0.8838143448034922,3555
"Total","Brett Oberholtzer","PHI",1,1,0,0,0,0,0,0,0,0,0,0,0,0,0,0,0,3855
"Total","Enrique Burgos","ARI",1,0,9,0,0,0,1,1,0,0,0,0,0,0,0,0,0,3895
"Total","Matt Magill","MIN",2,3,0,0,0,0,0,0,0,1,0,0,0,0,0.333333333,0,0.22984319925308228,3950
"Total","Yusmeiro Petit","WSN",1,1,0,0,0,0,0,0,0,0,0,0,1,0,0,0,0,4020
"Total","Hector Santiago","CHW",1,1,0,0,0,0,0,0,0,0,0,0,1,0,0,0,0,4026
"Total","Matt Albers","CHW",1,1,0,1,0,0,0,0,0,0,0,0,0,1,1,1,0.8784541487693787,4300
"Total","Justin Wilson","NYY",1,2,27,1,1,0,3,3,0,1,0,0,0,1,1,2,0.9666815400123596,4301
"Total","Craig Breslow","BOS",1,1,0,1,0,0,0,0,0,0,0,0,0,1,1,1,0.8808238506317139,4363
"Total","Joe Thatcher","HOU",1,0,9,0,0,0,1,1,0,0,0,0,0,0,0,0,0,4620
"Total","Brandon McCarthy","LAD",1,1,18,1,1,0,2,2,0,0,0,0,0,1,1,2,1.242019534111023,4662
"Total","Nate Jones","CIN",1,1,0,0,0,0,0,0,0,0,0,0,0,0,0,0,0,4696
"Total","Rich Hill","SDP",1,3,0,0,0,0,0,0,0,0,0,1,0,0,0.333333333,0,0.24200167258580527,4806
"Total","Peter Moylan","2 Tms",2,5,27.00000027,2,1,0,1,1,0,1,0,0,1,0.5,0.6,0.75,0.5609386205673218,4891
"Total","Justin De Fratus","PHI",1,1,0,0,0,0,0,0,0,0,0,0,0,0,0,0,0,4955
"Total","Fernando Salas","NYM",2,2,0,0,0,0,0,0,0,0,0,0,0,0,0,0,0,4971
"Total","Jake Diekman","BOS",1,1,0,0,0,0,0,0,0,0,0,0,0,0,0,0,0,5003
"Total","Dale Thayer","SDP",1,1,0,0,0,0,0,0,0,0,0,0,0,0,0,0,0,5032
"Total","Josh Fields","HOU",1,1,0,1,1,0,0,0,0,0,0,0,0,1,1,2,1.2562705278396606,5070
"Total","Jeurys Familia","NYM",1,1,0,0,0,0,0,0,0,0,0,0,0,0,0,0,0,5114
"Total","Wilmer Font","TOR",1,1,27.00000027,0,0,0,1,1,0,0,0,0,0,0,0,0,0,5257
"Total","Jose Alvarez","2 Tms",5,5,5.39999999,1,0,0,1,1,0,0,0,0,1,0.2,0.2,0.2,0.17569082975387573,5358
"Total","Pedro Baez","LAD",2,2,0,0,0,0,0,0,0,0,0,0,1,0,0,0,0,5420
"Total","Jesse Chavez","2 Tms",2,2,13.49999993,1,0,0,1,1,0,0,0,0,0,0.5,0.5,0.5,0.43480363488197327,5448
"Total","Arnold Leon","OAK",1,0,9,0,0,0,1,1,0,0,0,0,0,0,0,0,0,5595
"Total","Junior Guerra","3 Tms",4,5,21.59999996,1,0,0,4,4,1,1,0,0,0,0.333333333,0.4,1.333333333,0.5410659790039063,5702
"Total","Randall Delgado","ARI",1,1,0,0,0,0,0,0,0,0,0,0,1,0,0,0,0,5985
"Total","Huascar Brazoban","MIA",2,2,0,0,0,0,0,0,0,1,0,0,1,0,0.5,0,0.3479514420032501,6107
"Total","Dellin Betances","NYM",1,1,18,1,0,0,2,2,0,0,0,0,0,1,1,1,0.8825258016586304,6216
"Total","Tom Gorzelanny","CLE",1,1,0,0,0,0,0,0,0,0,0,0,0,0,0,0,0,6244
"Total","David Phelps","CHC",1,0,18,0,0,0,2,2,0,0,0,0,0,0,0,0,0,6316
"Total","Esmil Rogers","NYY",1,0,9,0,0,0,1,1,0,0,0,0,0,0,0,0,0,6317
"Total","Jose Cisnero","DET",2,1,54.00000054,0,0,0,2,2,0,0,0,0,0,0,0,0,0,6399
"Total","Vance Worley","MIA",1,1,27.00000027,0,0,0,1,1,0,0,0,0,0,0,0,0,0,6435
"Total","Steve Cishek","4 Tms",5,5,0,2,0,0,0,0,0,0,0,0,1,0.666666666,0.4,0.666666666,0.3500862240791321,6483
"Total","Marc Rzepczynski","SDP",1,1,0,0,0,0,0,0,0,0,0,0,0,0,0,0,0,6612
"Total","Brad Brach","2 Tms",2,1,9,1,1,0,1,1,0,0,0,0,0,1,1,2,1.2416465282440186,6627
"Total","Alex Colome","TBR",1,1,0,0,0,0,0,0,0,0,0,0,1,0,0,0,0,6661
"Total","Julio Teheran","MIL",1,1,0,0,0,0,0,0,0,0,0,0,0,0,0,0,0,6797
"Total","Sam Freeman","2 Tms",2,1,27.00000027,0,0,0,1,1,0,0,0,0,1,0,0,0,0,6832
"Total","Martin Perez","TEX",1,1,0,0,0,0,0,0,0,0,0,0,0,0,0,0,0,6902
"Total","Luke Hochevar","KCR",1,0,9,0,0,0,1,1,0,0,0,0,0,0,0,0,0,6943
"Total","Ryan Pressly","MIN",2,3,0,0,0,0,0,0,0,1,0,0,2,0,0.333333333,0,0.22984319925308228,7005
"Total","Alex Torres","NYM",1,1,0,0,0,0,0,0,0,0,0,0,1,0,0,0,0,7038
"Total","Fernando Cruz","CIN",2,3,13.49999993,1,0,0,1,1,0,0,0,0,1,0.333333333,0.333333333,0.333333333,0.2941787640253703,7048
"Total","Daniel Bard","COL",1,1,0,0,0,0,0,0,0,0,0,0,1,0,0,0,0,7115
"Total","Ryan Mattheus","CIN",1,1,0,0,0,0,0,0,0,0,0,0,0,0,0,0,0,7169
"Total","Craig Stammen","SDP",2,2,0,0,0,0,0,0,0,0,0,0,1,0,0,0,0,7274
"Total","Javy Guerra","LAA",1,0,9,0,0,0,1,1,0,0,0,0,0,0,0,0,0,7407
"Total","Tommy Layne","BOS",1,3,81.00000081,1,0,0,3,3,0,1,0,0,0,1,0.666666666,1,0.5225556294123331,7501
"Total","Jake McGee","SFG",1,1,0,0,0,0,0,0,0,0,0,0,0,0,0,0,0,7550
"Total","Nick Vincent","SEA",1,0,9,0,0,0,1,1,0,0,0,0,0,0,0,0,0,7555
"Total","Carlos Torres","2 Tms",2,2,0,1,1,0,0,0,0,0,0,0,1,0.5,0.5,1,0.6281352639198303,7624
"Total","Hunter Strickland","SFG",1,0,9,0,0,0,1,1,0,0,0,0,0,0,0,0,0,7836
"Total","Cory Gearrin","2 Tms",2,3,0,0,0,0,0,0,0,0,0,0,0,0,0,0,0,7947
"Total","Anthony Bass","2 Tms",2,2,0,1,0,0,0,0,0,0,0,0,0,0.5,0.5,0.5,0.44041192531585693,7982
"Total","Marcus Walden","BOS",1,2,0,1,0,0,1,0,0,0,0,0,0,0.5,0.5,0.5,0.4412629008293152,8004
"Total","Dan Jennings","CHW",2,2,0,0,0,0,0,0,0,0,0,0,0,0,0,0,0,8073
"Total","Bryan Shaw","CHW",1,0,18,0,0,0,2,2,0,0,0,0,0,0,0,0,0,8110
"Total","J.P. Howell","TOR",1,1,9,1,1,0,1,1,0,0,0,0,0,1,1,2,1.2321683168411255,8245
"Total","Tony Sipp","HOU",1,1,0,1,1,0,0,0,0,0,0,0,0,1,1,2,1.2321683168411255,8280
"Total","Lucas Luetge","NYY",1,1,0,0,0,0,0,0,0,0,0,0,0,0,0,0,0,8337
"Total","Buddy Boshers","MIN",1,1,0,0,0,0,0,0,0,0,0,0,0,0,0,0,0,8490
"Total","Dustin McGowan","MIA",1,1,0,0,0,0,0,0,0,0,0,0,0,0,0,0,0,8600
"Total","Matt Reynolds","ARI",1,1,9,1,0,0,1,1,1,0,0,0,0,1,1,4,2.0652942657470703,8887
"Total","Brad Hand","3 Tms",3,2,40.4999998,1,0,0,3,3,0,0,0,0,0,1,0.5,1,0.44041192531585693,9111
"Total","Alex Wilson","DET",1,1,0,0,0,0,0,0,0,0,0,0,0,0,0,0,0,9239
"Total","Rob Scahill","MIL",1,0,27,0,0,0,3,3,0,0,0,0,0,0,0,0,0,9286
"Total","Jared Hughes","2 Tms",2,3,0,0,0,0,0,0,0,1,0,0,2,0,0.333333333,0,0.23293709754943848,9325
"Total","Jeremy Jeffress","2 Tms",2,1,54.00000054,0,0,0,2,2,0,0,0,0,1,0,0,0,0,9490
"Total","Vidal Nuno","BAL",1,1,18,1,0,0,2,2,0,0,0,0,0,1,1,1,0.8766688108444214,9674
"Total","Sergio Romo","2 Tms",2,3,0,1,0,0,0,0,0,0,0,0,2,0.333333333,0.333333333,0.333333333,0.29301844040552777,9817
"Total","Chaz Roe","ATL",1,1,0,0,0,0,0,0,0,0,0,0,0,0,0,0,0,9866
"Total","Travis Wood","CHC",1,1,0,0,0,0,0,0,0,0,0,0,1,0,0,0,0,9884
"Total","Pedro Villarreal","CIN",1,1,18,1,0,0,2,2,0,0,0,0,0,1,1,1,0.8808238506317139,9904
"Total","Bobby Parnell","NYM",1,0,18,0,0,0,2,2,0,0,0,0,0,0,0,0,0,9926
"Total","Tom Wilhelmsen","SEA",1,2,0,1,0,0,0,0,0,0,0,0,0,0.5,0.5,0.5,0.44041192531585693,9975
"Total","Ian Krol","ATL",1,0,9,0,0,0,1,1,0,0,0,0,0,0,0,0,0,10066
"Total","Caleb Thielbar","MIN",1,1,0,0,0,0,0,0,0,0,0,0,0,0,0,0,0,10078
"Total","Brad Boxberger","2 Tms",2,2,13.50000014,0,0,0,1,1,0,0,0,0,1,0,0,0,0,10133
"Total","Jacob Turner","MIA",1,1,27.00000027,0,0,0,1,1,0,0,0,0,0,0,0,0,0,10185
"Total","Shelby Miller","CHC",1,2,36,0,0,0,4,4,0,2,0,0,0,0,1,0,0.6917165517807007,10197
"Total","Aroldis Chapman","NYY",1,1,0,0,0,0,0,0,0,0,0,0,1,0,0,0,0,10233
"Total","Rafael Martin","WSN",1,1,0,0,0,0,0,0,0,0,0,0,0,0,0,0,0,10258
"Total","Tanner Scheppers","TEX",1,0,18,0,0,0,2,2,0,0,0,0,0,0,0,0,0,10267
"Total","Josh Smoker","NYM",1,1,0,0,0,0,0,0,0,0,0,0,0,0,0,0,0,10285
"Total","Ryan Tepera","2 Tms",4,3,6.75000002,0,0,0,1,1,0,0,0,0,0,0,0,0,0,10291
"Total","Roman Mendez","TEX",1,1,0,1,0,0,0,0,0,0,0,0,0,1,1,1,0.8808238506317139,10307
"Total","Erasmo Ramirez","WSN",1,0,9,0,0,0,1,1,0,0,0,0,0,0,0,0,0,10314
"Total","Michael Tonkin","ATL",1,1,0,0,0,0,0,0,0,0,0,0,1,0,0,0,0,10315
"Total","Aaron Loup","2 Tms",3,3,0,0,0,0,0,0,0,0,0,0,2,0,0,0,0,10343
"Total","Mychal Givens","BAL",2,1,27.00000027,0,0,0,1,1,0,0,0,0,0,0,0,0,0,10430
"Total","Dean Kiekhefer","STL",1,1,0,0,0,0,0,0,0,0,0,0,0,0,0,0,0,10529
"Total","Scott Alexander","KCR",1,0,27,0,0,0,3,3,0,0,0,0,0,0,0,0,0,10591
"Total","Andrew Bellatti","PHI",1,1,0,0,0,0,0,0,0,0,0,0,1,0,0,0,0,10657
"Total","Tyler Thornburg","CIN",1,0,9,0,0,0,1,1,0,0,0,0,0,0,0,0,0,10688
"Total","Chasen Shreve","2 Tms",2,3,0,0,0,0,0,0,0,1,0,0,1,0,0.333333333,0,0.23057218392690024,10855
"Total","Casey Lawrence","STL",1,1,0,0,0,0,0,0,0,0,0,0,0,0,0,0,0,11121
"Total","Vince Velasquez","PHI",1,1,0,0,0,0,0,0,0,0,0,0,1,0,0,0,0,11189
"Total","Grant Dayton","LAD",1,1,0,0,0,0,0,0,0,0,0,0,0,0,0,0,0,11203
"Total","Casey Sadler","CHC",1,1,0,0,0,0,0,0,0,0,0,0,0,0,0,0,0,11209
"Total","Tommy Kahnle","NYY",1,1,9,1,0,0,2,1,0,0,0,0,0,1,1,1,0.8795307278633118,11384
"Total","Danny Barnes","TOR",1,1,0,0,0,0,0,0,0,0,0,0,0,0,0,0,0,11388
"Total","Brandon Workman","BOS",1,1,0,0,0,0,0,0,0,0,0,0,0,0,0,0,0,11428
"Total","A.J. Schugel","PIT",1,1,18,1,0,0,2,2,0,0,0,0,0,1,1,1,0.8784541487693787,11432
"Total","Jesse Biddle","ATL",1,1,0,0,0,0,0,0,0,0,0,0,1,0,0,0,0,11437
"Total","Jose Dominguez","SDP",1,1,0,0,0,0,0,0,0,0,0,0,0,0,0,0,0,11571
"Total","Deck McGuire","LAA",1,1,13.49999993,0,0,0,1,1,0,0,0,0,0,0,0,0,0,11596
"Total","Heath Hembree","PIT",1,1,0,0,0,0,0,0,0,0,0,0,1,0,0,0,0,11632
"Total","Mayckol Guaipe","SEA",1,1,27,1,0,0,3,3,0,0,0,0,0,1,1,1,0.8808238506317139,11663
"Total","Luke Jackson","ATL",1,2,0,0,0,0,0,0,0,1,0,0,1,0,0.5,0,0.3451472520828247,11752
"Total","Kyle Ryan","CHC",1,0,9,0,0,0,1,1,0,0,0,0,0,0,0,0,0,11753
"Total","Hansel Robles","2 Tms",2,3,0,0,0,0,0,0,0,0,0,0,0,0,0,0,0,11801
"Total","Michael Feliz","2 Tms",2,1,54.00000054,0,0,0,2,2,0,0,0,0,0,0,0,0,0,11903
"Total","David Rollins","SEA",1,2,0,1,0,0,0,0,0,0,0,0,0,0.5,0.5,0.5,0.44041192531585693,11928
"Total","Matt Andriese","TBR",1,1,0,0,0,0,0,0,0,1,0,0,0,0,1,0,0.6868430376052856,12022
"Total","Yimi Garcia","TOR",1,2,0,0,0,0,0,0,0,0,0,1,1,0,0.5,0,0.3630025088787079,12095
"Total","Domingo Tapia","SDP",1,0,9,0,0,0,1,1,0,0,0,0,0,0,0,0,0,12178
"Total","Evan Marshall","CHW",1,1,0,0,0,0,0,0,0,0,0,0,1,0,0,0,0,12297
"Total","Colin Rea","MIL",1,1,27.00000027,0,0,0,1,1,0,0,0,0,0,0,0,0,0,12317
"Total","Spencer Patton","TEX",1,1,36,1,0,0,4,4,1,0,0,0,0,1,1,4,2.0652942657470703,12361
"Total","Seth Lugo","NYM",1,1,0,1,0,0,0,0,0,0,0,0,0,1,1,1,0.8790553212165833,12447
"Total","Tony Cingrani","CIN",2,3,0,0,0,0,0,0,0,1,0,0,0,0,0.333333333,0,0.22894767920176187,12555
"Total","Blake Treinen","LAD",1,1,0,0,0,0,0,0,0,0,0,0,0,0,0,0,0,12572
"Total","Nick Ramirez","DET",2,2,13.50000014,0,0,0,1,1,0,0,0,0,0,0,0,0,0,12575
"Total","Adam Morgan","CHC",2,2,0,0,0,0,0,0,0,0,0,0,0,0,0,0,0,12580
"Total","Nate Karns","SEA",1,1,27,1,1,0,3,3,0,0,0,0,0,1,1,2,1.242019534111023,12638
"Total","Chris Devenski","LAA",1,1,0,0,0,0,0,0,0,0,0,0,0,0,0,0,0,12763
"Total","John Brebbia","2 Tms",3,1,81.00000081,0,0,0,3,3,0,0,0,0,0,0,0,0,0,12777
"Total","Noe Ramirez","LAA",2,2,27.00000027,1,0,0,1,1,0,0,0,0,1,0.5,0.5,0.5,0.4397653639316559,12800
"Total","Matt Wisler","CIN",1,1,0,0,0,0,0,0,0,0,0,0,1,0,0,0,0,12804
"Total","Andrew Kittredge","TBR",2,2,18,2,0,0,2,2,0,0,0,0,0,1,1,1,0.8810282647609711,12828
"Total","Shawn Armstrong","BAL",1,1,0,1,0,0,0,0,0,0,0,0,0,1,1,1,0.8696072697639465,12857
"Total","Matt Barnes","BOS",1,1,0,0,0,0,0,0,0,0,0,0,0,0,0,0,0,12863
"Total","Alex Claudio","2 Tms",2,3,0,1,0,0,0,0,0,0,0,0,1,0.333333333,0.333333333,0.333333333,0.29222293694814044,12890
"Total","Logan Verrett","NYM",1,1,27.00000027,0,0,0,1,1,0,0,0,0,0,0,0,0,0,12905
"Total","Archie Bradley","2 Tms",2,2,108.00000108,1,0,1,4,4,0,0,0,0,0,0.5,0.5,1.5,0.7844328880310059,12918
"Total","Gabriel Ynoa","BAL",3,2,13.50000014,0,0,0,1,1,0,0,0,0,0,0,0,0,0,12938
"Total","Andrew Chafin","ARI",1,1,0,0,0,0,0,0,0,0,0,0,1,0,0,0,0,12988
"Total","Colten Brewer","BOS",1,2,27,2,0,0,3,3,0,0,0,0,0,1,1,1,0.8696072697639465,12997
"Total","Robby Scott","BOS",1,2,0,0,0,0,0,0,0,0,0,0,0,0,0,0,0,13042
"Total","Wei-Yin Chen","MIA",1,1,18,1,0,0,2,2,0,0,0,0,0,1,1,1,0.8696072697639465,13071
"Total","Frank Garces","SDP",1,1,0,1,0,0,0,0,0,0,0,0,0,1,1,1,0.8808238506317139,13144
"Total","Adalberto Mejia","MIN",1,1,0,0,0,0,0,0,0,0,0,0,0,0,0,0,0,13188
"Total","Joe Biagini","TOR",2,3,0,1,0,0,0,0,0,0,0,0,2,0.333333333,0.333333333,0.333333333,0.2898690899213155,13194
"Total","Danny Coulombe","OAK",2,3,18,0,0,0,2,2,0,1,0,0,0,0,0.333333333,0,0.23020400603612265,13293
"Total","James Pazos","2 Tms",2,1,27.00000027,0,0,0,1,1,0,0,0,0,0,0,0,0,0,13323
"Total","Luis Cessa","NYY",2,3,27.00000027,0,0,0,2,2,0,1,0,0,1,0,0.333333333,0,0.23009816805521646,13345
"Total","Cam Bedrosian","LAA",4,4,26.99999987,1,0,0,4,4,1,0,0,0,2,0.25,0.25,1,0.48488402366638184,13360
"Total","Paco Rodriguez","LAD",1,1,0,0,0,0,0,0,0,0,0,0,0,0,0,0,0,13398
"Total","Angel Nesbitt","DET",1,1,0,0,0,0,0,0,0,0,0,0,0,0,0,0,0,13415
"Total","Chris Beck","CHW",1,1,0,0,0,0,0,0,0,0,0,0,0,0,0,0,0,13418
"Total","Pierce Johnson","3 Tms",3,3,6.75000002,0,0,0,1,1,0,0,0,0,1,0,0,0,0,13435
"Total","Taylor Rogers","SFG",1,1,18,0,0,0,2,2,0,1,0,0,0,0,1,0,0.6959028840065002,13449
"Total","Lucas Sims","2 Tms",2,3,13.50000014,0,0,0,1,1,0,1,0,0,0,0,0.333333333,0,0.22984319925308228,13470
"Total","Brandon Brennan","BOS",1,1,0,0,0,0,0,0,0,0,0,0,1,0,0,0,0,13527
"Total","Steven Okert","MIA",1,1,0,0,0,0,0,0,0,0,0,0,1,0,0,0,0,13580
"Total","Robert Stephenson","CIN",1,2,27.00000027,0,0,0,1,1,0,1,0,0,1,0,0.5,0,0.3464970290660858,13594
"Total","Jakob Junis","SFG",1,1,0,0,0,0,0,0,0,0,0,0,1,0,0,0,0,13619
"Total","John Gant","STL",1,1,9,1,1,0,1,1,0,0,0,0,0,1,1,2,1.21666419506073,13684
"Total","Nick Goody","CLE",1,1,0,0,0,0,0,0,0,0,0,0,1,0,0,0,0,13685
"Total","Sal Romano","CIN",1,1,18,1,1,0,2,2,0,0,0,0,0,1,1,2,1.21666419506073,13690
"Total","Jake Faria","MIL",1,1,27.00000027,0,0,0,1,1,0,0,0,0,0,0,0,0,0,13699
"Total","Kyle Barraclough","MIA",2,3,18,1,0,0,2,2,0,0,0,0,0,0.5,0.333333333,0.5,0.2928180495897929,13713
"Total","Chris Stratton","PIT",2,2,0,0,0,0,0,0,0,0,0,0,1,0,0,0,0,13761
"Total","Dominic Leone","2 Tms",2,2,13.50000014,0,0,0,1,1,0,0,0,0,0,0,0,0,0,13763
"Total","JT Chargois","SEA",2,1,27.00000027,0,0,0,1,1,0,0,0,0,0,0,0,0,0,13767
"Total","Daniel Stumpf","DET",1,1,0,0,0,0,0,0,0,0,0,0,0,0,0,0,0,13780
"Total","Matt Strahm","SDP",1,1,0,0,0,0,0,0,0,0,0,0,0,0,0,0,0,13799
"Total","Alec Mills","CHC",1,0,9,0,0,0,1,1,0,0,0,0,0,0,0,0,0,13834
"Total","Chris Flexen","NYM",1,1,0,0,0,0,0,0,0,0,0,0,0,0,0,0,0,13896
"Total","Brent Suter","MIL",1,1,0,0,0,0,0,0,0,0,0,0,0,0,0,0,0,13942
"Total","Miguel Almonte","LAA",1,2,36,2,1,0,4,4,0,0,0,0,0,1,1,1.5,1.0634028017520905,14139
"Total","Chris Mazza","TBR",1,1,0,0,0,0,0,0,0,0,0,0,0,0,0,0,0,14151
"Total","Kyle Zimmer","KCR",1,1,18,1,0,0,2,2,0,0,0,0,0,1,1,1,0.8790553212165833,14169
"Total","Dario Alvarez","TEX",1,1,0,0,0,0,0,0,0,0,0,0,0,0,0,0,0,14239
"Total","Wandy Peralta","CIN",1,1,0,0,0,0,0,0,0,0,0,0,0,0,0,0,0,14295
"Total","Frankie Montas","CHW",1,1,0,0,0,0,0,0,0,0,0,0,1,0,0,0,0,14309
"Total","Jake Thompson","PHI",1,0,9,0,0,0,1,1,0,0,0,0,0,0,0,0,0,14371
"Total","Yohander Mendez","TEX",1,0,9,0,0,0,1,1,0,0,0,0,0,0,0,0,0,14391
"Total","Robinson Leyer","BOS",1,0,9,0,0,0,1,1,0,0,0,0,0,0,0,0,0,14399
"Total","Yunior Marte","PHI",1,1,0,0,0,0,0,0,0,0,0,0,0,0,0,0,0,14416
"Total","Jose Leclerc","TEX",1,1,0,0,0,0,0,0,0,0,0,0,1,0,0,0,0,14524
"Total","Jose Ruiz","CHW",1,0,9,0,0,0,1,1,0,0,0,0,0,0,0,0,0,14552
"Total","Rowan Wick","CHC",1,1,0,0,0,0,0,0,0,0,0,0,0,0,0,0,0,14646
"Total","Chi Chi Gonzalez","COL",1,1,27.00000027,0,0,0,1,1,0,0,0,0,0,0,0,0,0,14663
"Total","Jandel Gustave","MIL",1,1,27.00000027,0,0,0,1,1,0,0,0,0,0,0,0,0,0,14665
"Total","Andres Machado","WSN",1,1,27.00000027,1,0,0,1,1,0,0,0,0,0,1,1,1,0.8790553212165833,14681
"Total","Jose Manuel Fernandez","TOR",1,1,0,0,0,0,0,0,0,0,0,0,1,0,0,0,0,14733
"Total","Emilio Pagan","OAK",1,1,9,1,0,0,1,1,1,0,0,0,0,1,1,4,2.0308284759521484,14771
"Total","Buck Farmer","2 Tms",2,2,27.00000027,1,0,0,1,1,0,0,0,0,1,0.5,0.5,0.5,0.4395276606082916,14814
"Total","Michael Lorenzen","CIN",1,1,0,0,0,0,0,0,0,0,0,0,0,0,0,0,0,14843
"Total","Joe Mantiply","ARI",1,1,0,0,0,0,0,0,0,0,0,0,1,0,0,0,0,14857
"Total","Taylor Williams","MIL",1,1,0,0,0,0,0,0,0,0,0,0,0,0,0,0,0,14899
"Total","Tyler Webb","MIL",1,1,9,1,0,0,1,1,1,0,0,0,0,1,1,4,1.9798855781555176,14974
"Total","Yacksel Rios","PIT",1,1,0,0,0,0,0,0,0,0,0,0,0,0,0,0,0,15007
"Total","Kyle Finnegan","WSN",1,1,0,0,0,0,0,0,0,0,0,0,0,0,0,0,0,15009
"Total","Victor Alcantara","DET",1,1,0,0,0,0,0,0,0,0,0,0,0,0,0,0,0,15028
"Total","Tim Mayza","TOR",1,2,54.00000054,1,0,0,2,2,0,0,0,0,0,1,0.5,1,0.44192540645599365,15042
"Total","Lou Trivino","OAK",2,2,0,0,0,0,0,0,0,0,0,0,1,0,0,0,0,15043
"Total","Austin Voth","WSN",1,1,0,0,0,0,0,0,0,0,0,0,1,0,0,0,0,15047
"Total","Silvino Bracho","ARI",1,1,0,0,0,0,0,0,0,0,0,0,1,0,0,0,0,15051
"Total","Yency Almonte","2 Tms",3,3,0,0,0,0,0,0,0,0,0,0,0,0,0,0,0,15068
"Total","Hunter Wood","CLE",1,2,0,1,0,0,0,0,0,1,0,0,0,1,1,1,0.779950886964798,15091
"Total","Ben Heller","NYY",1,1,0,1,1,0,0,0,0,0,0,0,0,1,1,2,1.2381021976470947,15100
"Total","Luke Farrell","CHC",1,2,27.00000027,1,0,0,1,1,0,0,0,0,0,0.5,0.5,0.5,0.44192540645599365,15101
"Total","Kevin McCarthy","KCR",1,2,54.00000054,1,0,0,2,2,0,0,0,0,0,0.5,0.5,0.5,0.4383344054222107,15240
"Total","Shane Carle","ATL",1,2,0,1,0,0,0,0,0,0,0,0,1,0.5,0.5,0.5,0.4397653639316559,15258
"Total","Keynan Middleton","CHW",1,1,0,0,0,0,0,0,0,0,0,0,1,0,0,0,0,15264
"Total","Adam Cimber","TOR",1,1,0,0,0,0,0,0,0,0,0,0,0,0,0,0,0,15288
"Total","Austin Pruitt","TBR",1,1,54.00000054,1,0,0,2,2,0,0,0,0,0,1,1,1,0.8766688108444214,15290
"Total","Donnie Hart","BAL",1,2,0,1,0,0,0,0,0,0,0,0,0,0.5,0.5,0.5,0.43922707438468933,15306
"Total","Mike Mayers","STL",1,0,9,0,0,0,1,1,0,0,0,0,0,0,0,0,0,15451
"Total","Lucas Giolito","WSN",1,1,27.00000027,0,0,0,1,1,0,0,0,0,0,0,0,0,0,15474
"Total","Eric Yardley","MIL",1,1,18,1,1,0,2,2,0,0,0,0,0,1,1,2,1.2416465282440186,15538
"Total","Chad Green","TOR",1,1,0,0,0,0,0,0,0,0,0,0,1,0,0,0,0,15552
"Total","Nick Wittgren","MIA",1,1,0,0,0,0,0,0,0,0,0,0,0,0,0,0,0,15594
"Total","Phillips Valdez","BOS",1,1,9,1,1,0,1,1,0,0,0,0,0,1,1,2,1.261476993560791,15605
"Total","Miguel Castro","2 Tms",4,4,6.74999997,0,0,0,1,1,0,1,0,0,0,0,0.25,0,0.17292913794517517,15684
"Total","Joe Jimenez","DET",1,0,0,0,0,0,1,0,0,0,0,0,0,0,0,0,0,15761
"Total","Paul Fry","BAL",5,5,10.80000004,1,0,0,4,2,0,0,0,0,0,0.2,0.2,0.2,0.17590614557266235,15832
"Total","Adam Plutko","BAL",2,2,0,0,0,0,0,0,0,0,0,0,1,0,0,0,0,15846
"Total","Stephen Tarpley","MIA",1,1,27.00000027,0,0,0,1,1,0,0,0,0,0,0,0,0,0,15859
"Total","Sean Manaea","SFG",1,1,27.00000027,0,0,0,1,1,0,0,0,0,0,0,0,0,0,15873
"Total","Odrisamer Despaigne","SDP",1,0,9,0,0,0,1,1,0,0,0,0,0,0,0,0,0,16017
"Total","John Curtiss","MIL",1,1,0,0,0,0,1,0,0,0,0,0,0,0,0,0,0,16128
"Total","Justin Shafer","TOR",1,1,0,0,0,0,0,0,0,0,0,0,0,0,0,0,0,16132
"Total","Jace Fry","CHW",1,1,0,0,0,0,0,0,0,0,0,0,1,0,0,0,0,16159
"Total","Justin Anderson","LAA",1,1,0,0,0,0,0,0,0,0,0,0,0,0,0,0,0,16201
"Total","Tejay Antone","CIN",1,1,0,0,0,0,0,0,0,0,0,0,0,0,0,0,0,16233
"Total","Aaron Bummer","CHW",4,6,0,4,1,0,0,0,0,0,0,0,1,0.666666666,0.666666666,0.833333333,0.6464070379734039,16258
"Total","Sam Howard","PIT",1,1,0,0,0,0,0,0,0,0,0,0,1,0,0,0,0,16265
"Total","Sam Clay","WSN",1,1,0,0,0,0,0,0,0,0,0,0,0,0,0,0,0,16279
"Total","Ryan Borucki","PIT",1,1,0,0,0,0,0,0,0,0,0,0,0,0,0,0,0,16350
"Total","Brad Wieck","SDP",1,1,0,0,0,0,0,0,0,0,0,0,0,0,0,0,0,16390
"Total","Yonny Chirinos","TBR",1,1,27.00000027,0,0,0,1,1,0,0,0,0,0,0,0,0,0,16401
"Total","Victor Gonzalez","LAD",1,1,0,0,0,0,0,0,0,0,0,0,0,0,0,0,0,16408
"Total","Brent Honeywell","SDP",1,1,0,0,0,0,0,0,0,0,0,0,0,0,0,0,0,16466
"Total","Dan Altavilla","SEA",1,1,0,0,0,0,0,0,0,0,0,0,1,0,0,0,0,16507
"Total","Jonathan Holder","NYY",2,2,0,0,0,0,0,0,0,0,0,0,0,0,0,0,0,16588
"Total","Bryan Abreu","HOU",1,1,0,0,0,0,0,0,0,0,0,0,1,0,0,0,0,16609
"Total","Brock Stewart","MIN",1,1,0,0,0,0,0,0,0,0,0,0,1,0,0,0,0,16727
"Total","Josh James","HOU",1,1,0,0,0,0,0,0,0,0,0,0,0,0,0,0,0,16794
"Total","Tim Hill","2 Tms",5,8,16.20000006,2,0,0,4,3,0,2,0,0,2,0.333333333,0.5,0.333333333,0.39320769906044006,16814
"Total","Greg Mahle","LAA",1,0,9,0,0,0,1,1,0,0,0,0,0,0,0,0,0,16877
"Total","Touki Toussaint","CHW",1,1,27.00000027,0,0,0,1,1,0,0,0,0,0,0,0,0,0,16929
"Total","Trevor Williams","NYM",1,1,0,0,0,0,0,0,0,0,0,0,0,0,0,0,0,16977
"Total","Tanner Banks","CHW",1,1,13.49999993,0,0,0,1,1,0,0,0,0,0,0,0,0,0,16990
"Total","Sean Reid-Foley","NYM",1,1,27.00000027,0,0,0,1,1,0,0,0,0,0,0,0,0,0,17034
"Total","Austin Davis","PIT",1,1,0,0,0,0,0,0,0,0,0,0,1,0,0,0,0,17117
"Total","Austin Brice","CIN",1,1,9,1,0,0,1,1,0,0,0,0,0,1,1,1,0.8766688108444214,17237
"Total","Justin Steele","CHC",1,1,0,1,0,0,0,0,0,0,0,0,0,1,1,1,0.8790553212165833,17312
"Total","Edgar Santana","PIT",1,1,0,0,0,0,0,0,0,0,0,0,1,0,0,0,0,17355
"Total","Josh Taylor","KCR",2,1,27,1,1,0,3,3,0,0,0,0,0,1,1,2,1.2437623739242554,17359
"Total","Brett Martin","TEX",1,2,36,2,0,0,4,4,0,0,0,0,0,1,1,1,0.8790553212165833,17369
"Total","Jeff Hoffman","PHI",1,1,0,0,0,0,0,0,0,0,0,0,1,0,0,0,0,17432
"Total","Jonathan Hernandez","TEX",1,1,0,0,0,0,0,0,0,0,0,0,0,0,0,0,0,17464
"Total","Genesis Cabrera","STL",1,0,9,0,0,0,1,1,0,0,0,0,0,0,0,0,0,17490
"Total","Tanner Scott","BAL",1,1,0,0,0,0,0,0,0,0,0,0,1,0,0,0,0,17586
"Total","Cristian Javier","HOU",1,0,9,0,0,0,1,1,0,0,0,0,0,0,0,0,0,17606
"Total","Tanner Rainey","CIN",1,1,0,0,0,0,0,0,0,0,0,0,1,0,0,0,0,17610
"Total","Taylor Clarke","KCR",1,1,0,0,0,0,0,0,0,0,0,0,1,0,0,0,0,17611
"Total","Justin Lawrence","COL",1,1,27.00000027,0,0,0,1,1,0,0,0,0,0,0,0,0,0,17639
"Total","Jeffrey Springs","BOS",1,1,0,0,0,0,0,0,0,0,0,0,0,0,0,0,0,17677
"Total","Jose Cuas","KCR",1,1,0,0,0,0,0,0,0,0,0,0,1,0,0,0,0,17701
"Total","Trevor Megill","MIL",1,1,27.00000027,0,0,0,1,1,0,0,0,0,0,0,0,0,0,17722
"Total","Evan Phillips","2 Tms",3,3,0,0,0,0,0,0,0,0,0,0,1,0,0,0,0,17734
"Total","Tyler Alexander","DET",1,0,9,0,0,0,1,1,0,0,0,0,0,0,0,0,0,17735
"Total","Drew Smith","NYM",1,1,9,1,1,0,2,1,0,0,0,0,0,1,1,2,1.2437623739242554,17755
"Total","Jake Brentz","KCR",1,1,13.49999993,0,0,0,1,1,0,0,0,0,0,0,0,0,0,17783
"Total","Dillon Tate","BAL",2,4,13.50000014,2,0,0,1,1,0,0,0,0,1,0.666666666,0.5,0.666666666,0.43716564774513245,17796
"Total","Ian Gibaut","CIN",1,1,54.00000054,1,1,0,2,2,0,0,0,0,0,1,1,2,1.261476993560791,17871
"Total","Nestor Cortes","BAL",1,1,0,0,0,0,0,0,0,0,0,0,1,0,0,0,0,17874
"Total","Dennis Santana","TEX",1,0,9,0,0,0,2,1,0,0,0,0,0,0,0,0,0,17878
"Total","Tyler Gilbert","ARI",1,1,18,1,1,0,2,2,0,0,0,0,0,1,1,2,1.2437623739242554,17964
"Total","Phil Maton","HOU",2,2,9,0,0,0,1,1,0,0,0,0,1,0,0,0,0,18064
"Total","Anthony Misiewicz","SEA",1,0,9,0,0,0,1,1,0,0,0,0,0,0,0,0,0,18152
"Total","Tyler Kinley","2 Tms",3,2,13.50000014,0,0,0,1,1,0,0,0,0,2,0,0,0,0,18297
"Total","Andrew Suarez","SFG",1,1,0,0,0,0,0,0,0,0,0,0,0,0,0,0,0,18300
"Total","Josh Sborz","TEX",1,0,18,0,0,0,2,2,0,0,0,0,0,0,0,0,0,18323
"Total","Josh Staumont","KCR",1,1,0,0,0,0,0,0,0,0,0,0,0,0,0,0,0,18335
"Total","Nick Anderson","MIA",1,2,0,1,0,0,0,0,0,0,0,0,0,0.5,0.5,0.5,0.43480363488197327,18337
"Total","Jaime Barria","LAA",1,1,9,1,1,0,2,1,0,0,0,0,0,1,1,2,1.2437623739242554,18356
"Total","Enyel De Los Santos","CLE",1,1,18,1,0,0,2,2,0,0,0,0,0,1,1,1,0.8825362920761108,18403
"Total","Junior Fernandez","STL",1,1,18,1,0,0,2,2,0,0,0,0,0,1,1,1,0.8825258016586304,18496
"Total","Freddy Peralta","MIL",1,1,0,0,0,0,0,0,0,0,0,0,1,0,0,0,0,18679
"Total","Dillon Peters","PIT",1,1,9,0,0,0,1,1,0,1,0,0,0,0,1,0,0.6887439489364624,18790
"Total","Drew Steckenrider","SEA",1,1,0,0,0,0,0,0,0,0,0,0,0,0,0,0,0,18806
"Total","Kirby Snead","OAK",1,1,0,0,0,0,0,0,0,0,0,0,1,0,0,0,0,19179
"Total","Caleb Baragar","SFG",1,0,9,0,0,0,1,1,0,0,0,0,0,0,0,0,0,19231
"Total","Cole Irvin","BAL",1,1,0,0,0,0,0,0,0,0,0,0,1,0,0,0,0,19244
"Total","Jacob Webb","LAA",1,1,0,0,0,0,0,0,0,0,0,0,0,0,0,0,0,19274
"Total","Edgar Garcia","MIN",1,1,13.49999993,0,0,0,1,1,0,0,0,0,0,0,0,0,0,19276
"Total","Trevor Richards","2 Tms",2,0,27,0,0,0,3,3,0,0,0,0,0,0,0,0,0,19309
"Total","Cal Quantrill","CLE",1,1,0,0,0,0,0,0,0,0,0,0,1,0,0,0,0,19312
"Total","Colin Poche","TBR",2,2,0,0,0,0,0,0,0,0,0,0,2,0,0,0,0,19403
"Total","Michael Rucker","CHC",1,1,0,0,0,0,0,0,0,0,0,0,0,0,0,0,0,19454
"Total","Jimmy Lambert","CHW",1,2,0,0,0,0,0,0,0,1,0,0,0,0,0.5,0,0.3443719744682312,19541
"Total","Geoff Hartlieb","PIT",2,3,36,0,0,0,5,4,0,2,0,0,0,0,0.666666666,0,0.46303526560465497,19558
"Total","Jordan Hicks","STL",1,1,0,0,0,0,0,0,0,0,0,0,1,0,0,0,0,19618
"Total","Matt Foster","CHW",2,4,0,2,0,0,0,0,0,0,0,0,2,0.5,0.5,0.5,0.44072653353214264,19647
"Total","Jonathan Loaisiga","NYY",1,1,0,0,0,0,0,0,0,0,0,0,0,0,0,0,0,19753
"Total","Will Vest","DET",1,1,18,1,0,0,2,2,1,0,0,0,0,1,1,4,2.004096031188965,19769
"Total","Bryan Baker","BAL",1,1,0,0,0,0,0,0,0,0,0,0,1,0,0,0,0,19804
"Total","Daniel Castano","MIA",1,1,27,1,0,1,3,3,0,0,0,0,0,1,1,3,1.5688657760620117,19805
"Total","David McKay","TBR",1,1,18,1,0,0,2,2,0,0,0,0,0,1,1,1,0.8838508129119873,19814
"Total","Michael King","NYY",1,1,0,0,0,0,0,0,0,0,0,0,1,0,0,0,0,19853
"Total","Tucker Davidson","LAA",1,1,0,0,0,0,0,0,0,0,0,0,0,0,0,0,0,19871
"Total","Kevin Ginkel","ARI",1,1,9,1,0,0,1,1,0,0,0,0,0,1,1,1,0.8838508129119873,19876
"Total","Jesus Luzardo","OAK",1,3,54.00000054,1,0,0,2,2,0,1,0,0,0,0.5,0.666666666,0.5,0.5271123647689819,19959
"Total","Rico Garcia","SFG",1,1,0,0,0,0,0,0,0,0,0,0,0,0,0,0,0,20023
"Total","Nick Nelson","2 Tms",2,3,54.00000054,1,0,0,3,2,0,0,0,0,0,0.333333333,0.333333333,0.333333333,0.29417526721954346,20153
"Total","Garrett Whitlock","BOS",1,1,0,0,0,0,0,0,0,0,0,0,1,0,0,0,0,20191
"Total","Anthony Kay","TOR",2,2,9,0,0,0,1,1,0,0,0,0,0,0,0,0,0,20387
"Total","Jovani Moran","MIN",1,1,0,0,0,0,0,0,0,0,0,0,0,0,0,0,0,20422
"Total","Kyle Nelson","ARI",1,1,0,0,0,0,0,0,0,0,0,0,1,0,0,0,0,20515
"Total","Nick Sandlin","CLE",1,2,0,1,0,0,0,0,0,0,0,0,1,0.5,0.5,0.5,0.44192540645599365,20517
"Total","Kutter Crawford","BOS",1,0,9,0,0,0,1,1,0,0,0,0,0,0,0,0,0,20531
"Total","Edwin Uceta","ARI",1,1,18,1,1,0,2,2,0,0,0,0,0,1,1,2,1.261476993560791,20539
"Total","Eduard Bazardo","BOS",1,1,0,0,0,0,0,0,0,0,0,0,0,0,0,0,0,20997
"Total","Francisco Perez","CLE",1,1,27.00000027,0,0,0,1,1,0,0,0,0,0,0,0,0,0,21018
"Total","Seth Martinez","HOU",1,1,27.00000027,0,0,0,1,1,0,0,0,0,0,0,0,0,0,21045
"Total","Brooks Kriske","NYY",1,0,18,0,0,0,2,2,0,0,0,0,0,0,0,0,0,21189
"Total","John King","TEX",1,2,0,1,1,0,0,0,0,0,0,0,1,0.5,0.5,1,0.6208232641220093,22051
"Total","Kyle Tyler","LAA",1,1,27.00000027,0,0,0,1,1,0,0,0,0,0,0,0,0,0,22092
"Total","Jeremiah Estrada","CHC",1,1,0,0,0,0,0,0,0,0,0,0,0,0,0,0,0,22210
"Total","Joe Barlow","TEX",1,2,0,0,0,0,0,0,0,1,0,0,0,0,0.5,0,0.34585827589035034,22296
"Total","Josh Winckowski","BOS",3,5,13.50000003,2,0,0,2,2,0,0,0,0,0,0.4,0.4,0.4,0.3530145168304443,22387
"Total","Carlos Hernandez","KCR",2,2,54.00000054,1,0,0,2,2,0,0,0,0,0,0.5,0.5,0.5,0.4412681460380554,22713
"Total","Roansy Contreras","PIT",1,1,9,1,1,0,1,1,0,0,0,0,0,1,1,2,1.2437623739242554,22810
"Total","Codi Heuer","CHW",1,1,0,0,0,0,0,0,0,0,0,0,0,0,0,0,0,23293
"Total","Ron Marinaccio","NYY",1,2,0,1,0,0,0,0,0,0,0,0,1,0.5,0.5,0.5,0.4412681460380554,23488
"Total","Jonathan Stiever","CHW",1,1,18,1,0,0,2,2,0,0,0,0,0,1,1,1,0.8790553212165833,24584
"Total","Joey Gerber","SEA",1,2,0,1,0,0,0,0,0,0,0,0,0,1,0.5,1,0.4412629008293152,24591
"Total","Frank German","BOS",1,1,18,1,0,0,2,2,0,0,0,0,0,1,1,1,0.8838508129119873,24750
"Total","Andrew Wantz","LAA",1,1,0,0,0,0,0,0,0,0,0,0,1,0,0,0,0,24933
"Total","Alex Vesia","LAD",1,0,9,0,0,0,1,1,0,0,0,0,0,0,0,0,0,25007
"Total","Garrett Hill","DET",1,2,54.00000054,0,0,0,2,2,0,0,0,1,0,0,0.5,0,0.36010637879371643,25097
"Total","Abner Uribe","MIL",1,1,27.00000027,0,0,0,1,1,0,0,0,0,0,0,0,0,0,25327
"Total","Andre Pallante","STL",1,1,9,1,1,0,1,1,0,0,0,0,0,1,1,2,1.261476993560791,26108
"Total","Caleb Kilian","CHC",1,1,0,0,0,0,0,0,0,0,0,0,0,0,0,0,0,26213
"Total","Bryan Hoeing","MIA",1,1,0,0,0,0,0,0,0,0,0,0,0,0,0,0,0,26304
"Total","Garrett Crochet","CHW",2,2,0,0,0,0,0,0,0,0,0,0,0,0,0,0,0,27463
"Total","Hirokazu Sawamura","BOS",1,1,0,0,0,0,0,0,0,0,0,0,0,0,0,0,0,27515
"Total","Victor Mederos","LAA",1,0,9,0,0,0,1,1,0,0,0,0,0,0,0,0,0,31533