Season,Name,Tm,IP,TBF,GB/FB,LD%,GB%,FB%,IFFB%,HR/FB,IFH%,BUH%,Pull%,Cent%,Oppo%,Soft%,Med%,Hard%,playerId
"Total","Neftali Feliz","DET",0,1,0,1,0,0,0,0,0,0,0,1,0,0,1,0,18
"Total","Xavier Cedeno","TBR",0.1,4,1,0.5,0.5,0,0,0,0,0,0.5,0.5,0,0,0,1,36
"Total","Zach Phillips","PIT",0.1,1,0,0,0,0,0,0,0,0,0,0,0,0,0,0,99
"Total","Randy Choate","STL",0.1,1,1,0,1,0,0,0,0,0,0,1,0,1,0,0,813
"Total","Scott Carroll","CHW",0.2,3,1,0.333333333,0.333333333,0.333333333,0,0,0,0,0.66666667,0.33333333,0,0.33333333,0.66666667,0,888
"Total","Ryan Vogelsong","2 Tms",0.2,2,1,0,1,0,0,0,0,0,1,0,0,0,1,0,1011
"Total","Jerome Williams","STL",0,2,0,1,0,0,0,0,0,0,0,1,0,0,1,0,1137
"Total","Tommy Hunter","2 Tms",0.1,2,1,0,0.5,0.5,0,0,0,0,0,0,1,0,1,0,1157
"Total","Matt Bush","TEX",0.1,1,0,0,0,1,0,0,0,0,0,0,1,0,1,0,1246
"Total","Adam Ottavino","2 Tms",1,3,1,0,1,0,0,0,0,0,1,0,0,1,0,0,1247
"Total","Blake Wood","CIN",0.2,2,2,0,1,0,0,0,0,0,0.5,0.5,0,1,0,0,1345
"Total","Nick Hagadone","CLE",0,0,0,0,0,0,0,0,0,0,0,0,0,0,0,0,1351
"Total","Andrew Bailey","PHI",0.1,1,0,0,0,1,0,0,0,0,0,0,1,0,1,0,1368
"Total","Jon Edwards","TEX",0,1,0,0,0,0,0,0,0,0,0,0,0,0,0,0,1483
"Total","Oliver Perez","WSN",0.1,1,0,0,0,1,0,0,0,0,0,1,0,0,1,0,1514
"Total","Sean Doolittle","SEA",0.1,2,0,0.5,0,0.5,0,0,0,0,0,1,0,0,1,0,1581
"Total","Matt Belisle","MIN",1,3,1,0.333333333,0.333333333,0.333333333,0,0,0,0,0.33333333,0.33333333,0.33333333,0.33333333,0,0.66666667,1837
"Total","Ryan Madson","KCR",0.1,1,0,0,0,0,0,0,0,0,0,0,0,0,0,0,1852
"Total","Matt Thornton","WSN",0.1,1,0,0,0,0,0,0,0,0,0,0,0,0,0,0,1918
"Total","Cory Luebke","PIT",0,1,0,0,0,0,0,0,0,0,0,0,0,0,0,0,1984
"Total","Jorge De La Rosa","2 Tms",1.2,7,0.5,0.25,0.25,0.5,0,0,0,0,0.5,0.25,0.25,0,0.75,0.25,2047
"Total","Adam Loewen","PHI",0,1,1,0,1,0,0,0,1,0,0,0,1,1,0,0,2134
"Total","Chad Qualls","COL",0.1,1,0,1,0,0,0,0,0,0,0,0,1,0,1,0,2170
"Total","Blaine Boyer","2 Tms",0.1,2,0,0,0,1,0,0.5,0,0,0.5,0,0.5,0,0.5,0.5,2237
"Total","Brandon Gomes","TBR",0.2,3,1,0.333333333,0.333333333,0.333333333,0,0,0,0,0.33333333,0.33333333,0.33333333,0,0.33333333,0.66666667,2267
"Total","Hector Rondon","CHC",0.1,1,0,0,0,1,0,0,0,0,0,1,0,0,1,0,2391
"Total","Brian Matusz","BAL",0.1,2,0,0,0,0,0,0,0,0,0,0,0,0,0,0,2646
"Total","Brett Cecil","STL",0.1,2,0,0,0,1,0,0,0,0,0,1,0,0,0,1,2660
"Total","Santiago Casilla","OAK",0.1,1,1,0,1,0,0,0,0,0,1,0,0,0,1,0,2873
"Total","Zach McAllister","2 Tms",1,5,2,0,0.666666666,0.333333333,0,0,0.5,0,0,1,0,0,0.66666667,0.33333333,2895
"Total","Tim Collins","2 Tms",0.2,3,2,0,0.666666666,0.333333333,0,0,0.5,0,0.66666667,0.33333333,0,0.33333333,0.33333333,0.33333333,3164
"Total","David Price","LAD",0.1,1,1,0,1,0,0,0,0,0,1,0,0,0,1,0,3184
"Total","Will Harris","WSN",0.2,2,0,1,0,0,0,0,0,0,0,1,0,0,0,1,3192
"Total","Francisco Liriano","2 Tms",0.2,3,0,0.5,0,0.5,0,0,0,0,0,0.5,0.5,0,0.5,0.5,3201
"Total","T.J. McFarland","BAL",0.1,1,0,0,0,1,0,0,0,0,0,1,0,0,0,1,3237
"Total","Zack Britton","NYY",0.1,1,1,0,1,0,0,0,0,0,1,0,0,0,0,1,3240
"Total","Angel Castro","OAK",0.1,1,0,0,0,1,0,0,0,0,0,1,0,0,0,1,3243
"Total","Joe Smith","4 Tms",1.1,5,0,0.5,0,0.5,0,0,0,0,0.5,0.5,0,0,0,1,3281
"Total","Anibal Sanchez","DET",0.1,1,1,0,1,0,0,0,0,0,0,0,1,0,1,0,3284
"Total","Chris Hatcher","LAD",0.1,1,0,0,0,0,0,0,0,0,0,0,0,0,0,0,3299
"Total","Darren O'Day","BAL",0.1,1,0,0,0,0,0,0,0,0,0,0,0,0,0,0,3321
"Total","Jumbo Diaz","2 Tms",0.2,3,1,0.5,0.5,0,0,0,0,0,0.5,0.5,0,0,0,1,3397
"Total","Danny Duffy","KCR",0.1,1,1,0,1,0,0,0,0,0,0,0,1,0,1,0,3542
"Total","Liam Hendriks","2 Tms",2,6,0,0,0,1,0,0,0,0,0,0.66666667,0.33333333,0.33333333,0,0.66666667,3548
"Total","Tony Barnette","TEX",1.1,6,0.25,0,0.2,0.8,0,0,1,0,0.4,0.4,0.2,0,0.8,0.2,3555
"Total","Zach Duke","2 Tms",1,4,0,0.5,0,0.5,0,0,0,0,0,0.5,0.5,0,1,0,3840
"Total","Brett Oberholtzer","2 Tms",1,3,2,0.333333333,0.666666666,0,0,0,0,0,0.66666667,0.33333333,0,0,1,0,3855
"Total","Casey Fien","MIN",0.1,1,0,0,0,0,0,0,0,0,0,0,0,0,0,0,3926
"Total","Allen Webster","CHC",0.1,1,1,0,1,0,0,0,0,0,0,1,0,1,0,0,3993
"Total","Marcus Hatley","STL",0.1,2,0,0,0,0,0,0,0,0,0,0,0,0,0,0,4002
"Total","Yusmeiro Petit","2 Tms",1.1,4,1,0,0.5,0.5,0,0,0,0,1,0,0,0,1,0,4020
"Total","Hector Santiago","CHW",0,2,0,0,0,1,0,1,0,0,1,0,0,0,0,1,4026
"Total","Steve Johnson","SEA",0,0,0,0,0,0,0,0,0,0,0,0,0,0,0,0,4053
"Total","Brian Duensing","2 Tms",1.1,4,0.5,0,0.333333333,0.666666666,0,0,0,0,0.33333333,0.33333333,0.33333333,0,0.66666667,0.33333333,4064
"Total","Pedro Strop","CHC",0.1,1,0,0,0,0,0,0,0,0,0,0,0,0,0,0,4070
"Total","Junichi Tazawa","MIA",0.2,4,0.5,0.25,0.25,0.5,0,0.5,0,0,0.25,0.25,0.5,0,0.75,0.25,4079
"Total","James Russell","CHC",0.1,1,1,0,1,0,0,0,0,0,0,1,0,0,1,0,4089
"Total","Carlos Villanueva","SDP",0.1,2,0,1,0,0,0,0,0,0,1,0,0,0,0,1,4138
"Total","Derek Holland","SFG",0.1,1,0,0,0,1,0,0,0,0,0,0,1,1,0,0,4141
"Total","Edward Paredes","LAD",0.1,2,0,0.5,0,0.5,0,1,0,0,0.5,0.5,0,0,0.5,0.5,4168
"Total","Rafael Dolis","TOR",0.1,1,0,0,0,0,0,0,0,0,0,0,0,0,0,0,4185
"Total","David Hernandez","CIN",0.2,2,1,0.5,0.5,0,0,0,0,0,0.5,0,0.5,0,0.5,0.5,4259
"Total","Mark Melancon","2 Tms",0.2,2,1,0,1,0,0,0,0,0,0,1,0,1,0,0,4264
"Total","Manny Parra","CIN",0.2,2,1,0,0.5,0.5,0,0,0,0,0,0,1,0,0.5,0.5,4279
"Total","Matt Albers","2 Tms",0.2,2,2,0,1,0,0,0,0,0,0.5,0.5,0,0,1,0,4300
"Total","Justin Wilson","3 Tms",0.2,3,0,0,0,1,0,0,0,0,0.5,0.5,0,0,0.5,0.5,4301
"Total","Tyler Chatwood","TOR",0,1,0,0,0,0,0,0,0,0,0,0,0,0,0,0,4338
"Total","Jason Hammel","KCR",0.1,1,1,0,1,0,0,0,0,0,1,0,0,0,1,0,4538
"Total","Pat Neshek","2 Tms",0.2,2,0,0,0,1,1,0,0,0,0,1,0,1,0,0,4682
"Total","Nate Jones","2 Tms",1,3,2,0.333333333,0.666666666,0,0,0,0,0,0.66666667,0.33333333,0,0.33333333,0.33333333,0.33333333,4696
"Total","Jonathan Broxton","STL",0.1,1,1,0,1,0,0,0,0,0,0,1,0,1,0,0,4759
"Total","Vinnie Pestano","LAA",0.1,2,1,0.5,0.5,0,0,0,0,0,0.5,0.5,0,0,1,0,4782
"Total","Joe Blanton","LAD",0.1,1,1,0,1,0,0,0,0,0,1,0,0,0,0,1,4849
"Total","Mike Montgomery","2 Tms",0.1,2,1,0.5,0.5,0,0,0,0,0,1,0,0,0.5,0,0.5,4869
"Total","Brandon Maurer","KCR",0,0,0,0,0,0,0,0,0,0,0,0,0,0,0,0,4878
"Total","Peter Moylan","2 Tms",0.2,4,1,0.333333333,0.333333333,0.333333333,0,1,0,0,0.66666667,0,0.33333333,0,0.33333333,0.66666667,4891
"Total","Justin De Fratus","PHI",0.1,2,1,0.5,0.5,0,0,0,0,0,1,0,0,0.5,0.5,0,4955
"Total","Fernando Salas","2 Tms",1,4,0.5,0,0.333333333,0.666666666,0,0,1,0,0.33333333,0.33333333,0.33333333,0,0.33333333,0.66666667,4971
"Total","Fernando Abad","2 Tms",0.2,2,1,0,0.5,0.5,0,0,0,0,0.5,0,0.5,0,0.5,0.5,4994
"Total","Jake Diekman","3 Tms",1,5,0,0.5,0,0.5,0,0,0,0,0.5,0.5,0,0,0.5,0.5,5003
"Total","Dale Thayer","SDP",0.1,1,1,0,1,0,0,0,0,0,0,0,1,0,1,0,5032
"Total","Josh Fields","2 Tms",0.2,2,0,0,0,1,0,0,0,0,0,0,1,0,0,1,5070
"Total","Anthony Gose","CLE",0.1,1,0,0,0,0,0,0,0,0,0,0,0,0,0,0,5097
"Total","Jeurys Familia","NYM",0.1,1,1,0,1,0,0,0,0,0,1,0,0,0,0,1,5114
"Total","Mike Pelfrey","CHW",0.1,1,1,0,1,0,0,0,0,0,0,1,0,0,0,1,5203
"Total","Blake Parker","2 Tms",0.2,2,0,0,0,0,0,0,0,0,0,0,0,0,0,0,5224
"Total","Wilmer Font","NYM",0.1,1,1,0,1,0,0,0,0,0,1,0,0,0,1,0,5257
"Total","Jose Alvarez","LAA",1,3,1,0,0.5,0.5,1,0,0,0,0,0,1,0.5,0.5,0,5358
"Total","Manny Banuelos","PIT",0.1,0,0,0,0,0,0,0,0,0,0,0,0,0,0,0,5365
"Total","Brad Peacock","HOU",0.2,2,0,0,0,0,0,0,0,0,0,0,0,0,0,0,5401
"Total","Pedro Baez","LAD",1,3,0,0,0,1,0,0,0,0,0,0,1,0,1,0,5420
"Total","Jesse Chavez","3 Tms",2,7,2,0,0.666666666,0.333333333,0.5,0,0,0,0.33333333,0.5,0.16666667,0.33333333,0.33333333,0.33333333,5448
"Total","Boone Logan","MIL",0,2,1,0,1,0,0,0,1,0,1,0,0,1,0,0,5525
"Total","Arnold Leon","OAK",0.1,2,0,1,0,0,0,0,0,0,1,0,0,0.5,0.5,0,5595
"Total","Ryan Brasier","BOS",1,4,2,0.333333333,0.666666666,0,0,0,0,0,0.33333333,0.66666667,0,0,1,0,5615
"Total","Junior Guerra","2 Tms",0.1,3,2,0,0.666666666,0.333333333,0,0,0,0,0.33333333,0.33333333,0.33333333,0.33333333,0.33333333,0.33333333,5702
"Total","Eric O'Flaherty","2 Tms",0.1,1,0,0,0,0,0,0,0,0,0,0,0,0,0,0,5746
"Total","Bruce Rondon","CHW",0,1,0,0,0,0,0,0,0,0,0,0,0,0,0,0,5766
"Total","Gonzalez Germen","COL",0.2,2,1,0,0.5,0.5,0,0,0,0,0.5,0.5,0,0,0.5,0.5,5876
"Total","Randall Delgado","ARI",0.2,4,1,0.333333333,0.333333333,0.333333333,0,0,0,0,0.66666667,0,0.33333333,0,0.66666667,0.33333333,5985
"Total","Huascar Brazoban","MIA",0.1,1,1,0,1,0,0,0,0,0,1,0,0,0,0,1,6107
"Total","Tom Gorzelanny","DET",0,1,0,0,0,0,0,0,0,0,0,0,0,0,0,0,6244
"Total","Al Alburquerque","DET",0,0,0,0,0,0,0,0,0,0,0,0,0,0,0,0,6324
"Total","Trevor May","2 Tms",0.2,3,1,0,0.5,0.5,0,0,0,0,0.5,0.5,0,0.5,0.5,0,6398
"Total","Jose Cisnero","DET",0.2,5,0,0.666666666,0,0.333333333,0,0,0,0,0,0.33333333,0.66666667,0.33333333,0.66666667,0,6399
"Total","Stolmy Pimentel","TEX",0.1,1,1,0,1,0,0,0,0,0,1,0,0,0,1,0,6415
"Total","Vance Worley","BAL",0.1,2,1,0,1,0,0,0,0,0,1,0,0,0,1,0,6435
"Total","Steve Cishek","3 Tms",2,7,0.5,0.25,0.25,0.5,0,0,0,0,0.25,0.75,0,0,0.75,0.25,6483
"Total","Blaine Hardy","DET",0.1,1,0,0,0,0,0,0,0,0,0,0,0,0,0,0,6499
"Total","Robert Stock","SDP",0,0,0,0,0,0,0,0,0,0,0,0,0,0,0,0,6576
"Total","Marc Rzepczynski","2 Tms",0,1,0,1,0,0,0,0,0,0,0,1,0,0,0,1,6612
"Total","Brad Brach","3 Tms",1.1,6,0.5,0,0.333333333,0.666666666,0,0,1,0,0.33333333,0.33333333,0.33333333,0.33333333,0.66666667,0,6627
"Total","Alex Colome","2 Tms",0.2,2,2,0,1,0,0,0,0,0,0.5,0,0.5,0.5,0.5,0,6661
"Total","Andrew Miller","2 Tms",1.1,4,0,0,0,1,0,0,0,0,0,0,1,1,0,0,6785
"Total","Robbie Ross Jr.","BOS",0,1,0,0,0,1,0,1,0,0,1,0,0,0,0,1,6819
"Total","Sam Freeman","3 Tms",1.1,5,2,0.333333333,0.666666666,0,0,0,0,0,0.66666667,0.33333333,0,0.66666667,0.33333333,0,6832
"Total","Jeff Manship","CLE",1.2,6,1,0,0.5,0.5,0,0,0,0,0.25,0.5,0.25,0,0.75,0.25,6865
"Total","Joakim Soria","2 Tms",0.1,2,0,0,0,0,0,0,0,0,0,0,0,0,0,0,6941
"Total","Luke Hochevar","KCR",0,1,0,1,0,0,0,0,0,0,1,0,0,0,1,0,6943
"Total","Yohan Pino","KCR",0.1,1,0,0,0,0,0,0,0,0,0,0,0,0,0,0,6955
"Total","Luis Garcia","4 Tms",0.2,4,0,0,0,1,0,0.5,0,0,0,0.5,0.5,0,0,1,6984
"Total","Ryan Pressly","MIN",1.1,4,3,0,0.75,0.25,0,0,0,0,0.5,0.25,0.25,0.25,0.5,0.25,7005
"Total","Alex Torres","NYM",0.2,3,1,0,1,0,0,0,1,0,1,0,0,1,0,0,7038
"Total","Fernando Cruz","CIN",1.1,5,0,0.333333333,0,0.666666666,0,0,0,0,0.33333333,0,0.66666667,0,1,0,7048
"Total","Pat Venditte","2 Tms",0.1,1,0,1,0,0,0,0,0,0,1,0,0,0,1,0,7108
"Total","Daniel Bard","COL",0.1,1,0,0,0,0,0,0,0,0,0,0,0,0,0,0,7115
"Total","Daniel Hudson","2 Tms",0.1,3,1,0,1,0,0,0,0,0,1,0,0,0,0,1,7146
"Total","Greg Holland","2 Tms",0.1,2,0,1,0,0,0,0,0,0,0,0,1,0,1,0,7196
"Total","Craig Stammen","SDP",2.1,9,5,0.142857142,0.714285714,0.142857142,1,0,0.2,0,0.42857143,0.28571429,0.28571429,0.42857143,0.28571429,0.28571429,7274
"Total","Brad Ziegler","2 Tms",1,3,2,0,1,0,0,0,0,0,0.5,0.5,0,0,1,0,7293
"Total","Preston Guilmet","TOR",0.1,1,1,0,1,0,0,0,0,0,0,1,0,0,1,0,7303
"Total","Josh Collmenter","ARI",0.1,1,1,0,1,0,0,0,0,0,0,1,0,0,0,1,7312
"Total","Dan Otero","CLE",0.1,2,1,0,0.5,0.5,0,0,0,0,0,0.5,0.5,0,0.5,0.5,7385
"Total","Dillon Gee","KCR",0.2,3,0,1,0,0,0,0,0,0,0,0.5,0.5,0,0,1,7396
"Total","Javy Guerra","MIA",0.2,3,1,0,0.5,0.5,0,0,0,0,0.5,0,0.5,0,0,1,7407
"Total","Austin Adams","CLE",0.1,1,0,0,0,1,1,0,0,0,0,0,1,1,0,0,7411
"Total","Jay Jackson","2 Tms",0.2,2,0,0,0,1,0,0,0,0,0.5,0,0.5,0.5,0.5,0,7432
"Total","Anthony Swarzak","3 Tms",1,4,1,0,0.5,0.5,0,0,0,0,1,0,0,0,1,0,7466
"Total","Collin McHugh","2 Tms",1.1,5,0,0,0,1,0,0,0,0,1,0,0,0,1,0,7531
"Total","Jake McGee","COL",0.1,1,1,0,1,0,0,0,0,0,0,1,0,0,1,0,7550
"Total","Nick Vincent","2 Tms",0.2,2,0,0,0,1,0,0,0,0,0,0,1,0,0,1,7555
"Total","Fernando Rodriguez Jr.","OAK",0,0,0,0,0,0,0,0,0,0,0,0,0,0,0,0,7558
"Total","Jordan Lyles","COL",0,1,0,0,0,1,0,1,0,0,0,0,1,0,0,1,7593
"Total","Carlos Torres","2 Tms",0,2,1,0.5,0.5,0,0,0,0,0,0,0.5,0.5,0,0.5,0.5,7624
"Total","Neil Ramirez","2 Tms",0.2,2,0,0,0,1,0,0,0,0,0,0.5,0.5,0,0.5,0.5,7677
"Total","Juan Nicasio","3 Tms",1,4,2,0,0.666666666,0.333333333,0,1,0,0,0.33333333,0.33333333,0.33333333,0.33333333,0,0.66666667,7731
"Total","Wily Peralta","2 Tms",0.2,2,1,0,0.5,0.5,0,0,0,0,0,0.5,0.5,0,0.5,0.5,7738
"Total","Shawn Kelley","2 Tms",1.1,4,0,0.5,0,0.5,0,0,0,0,0.5,0.5,0,0,0,1,7773
"Total","Richard Bleier","2 Tms",0.1,3,0,1,0,0,0,0,0,0,0,0.5,0.5,0,0.5,0.5,7803
"Total","Hunter Strickland","MIL",0.1,1,0,0,0,1,0,0,0,0,0,0,1,1,0,0,7836
"Total","Jerry Blevins","ATL",0.1,2,0,0,0,1,0,0,0,0,1,0,0,0,0,1,7841
"Total","Andrew Albers","MIN",0,0,0,0,0,0,0,0,0,0,0,0,0,0,0,0,7853
"Total","Christian Friedrich","COL",0.1,1,1,0,1,0,0,0,0,0,0,1,0,1,0,0,7942
"Total","Cory Gearrin","2 Tms",0,2,0,0,0,1,0,0.5,0,0,0.5,0,0.5,0,1,0,7947
"Total","Marcus Walden","BOS",0,1,1,0,1,0,0,0,0,0,1,0,0,0,1,0,8004
"Total","Will Smith","2 Tms",0.2,3,0,0,0,1,0,0,0,0,0.5,0.5,0,0,0.5,0.5,8048
"Total","Dan Jennings","2 Tms",0.1,2,0,1,0,0,0,0,0,0,0,1,0,1,0,0,8073
"Total","Bryan Shaw","2 Tms",2.1,8,2,0.333333333,0.666666666,0,0,0,0,0,0.66666667,0,0.33333333,0.33333333,0.66666667,0,8110
"Total","Kevin Siegrist","STL",0.1,1,0,0,0,0,0,0,0,0,0,0,0,0,0,0,8180
"Total","David Robertson","NYY",0,1,0,0,0,1,0,0,0,0,0,1,0,0,0,1,8241
"Total","Paolo Espino","WSN",0,1,0,1,0,0,0,0,0,0,1,0,0,0,1,0,8246
"Total","Tony Sipp","HOU",0.1,1,1,0,1,0,0,0,0,0,0,1,0,0,1,0,8280
"Total","JC Ramirez","2 Tms",0.2,3,2,0,0.666666666,0.333333333,0,0,0,0,0.33333333,0.33333333,0.33333333,0.33333333,0,0.66666667,8302
"Total","Lucas Luetge","NYY",0.2,3,0.5,0,0.333333333,0.666666666,0,0,0,0,0.66666667,0.33333333,0,0.33333333,0.33333333,0.33333333,8337
"Total","AJ Ramos","2 Tms",0.2,2,0,1,0,0,0,0,0,0,0,0,1,0,0,1,8350
"Total","Deolis Guerra","LAA",0,0,0,0,0,0,0,0,0,0,0,0,0,0,0,0,8410
"Total","Buddy Boshers","MIN",0.1,2,2,0,1,0,0,0,0,0,1,0,0,0,1,0,8490
"Total","Danny Farquhar","TBR",0,0,0,0,0,0,0,0,0,0,0,0,0,0,0,0,8501
"Total","Jeff Beliveau","TOR",0.1,1,0,0,0,0,0,0,0,0,0,0,0,0,0,0,8504
"Total","Justin Miller","2 Tms",0.2,2,1,0,1,0,0,0,0,0,1,0,0,1,0,0,8580
"Total","Dustin McGowan","MIA",1.2,5,2,0,0.666666666,0.333333333,0,0,0,0,0.33333333,0.66666667,0,0.33333333,0.66666667,0,8600
"Total","Tanner Roark","WSN",0.2,3,1,0,1,0,0,0,0,0,0,0,1,0,1,0,8753
"Total","Oliver Drake","MIL",0.2,2,0,0,0,1,0,0,0,0,1,0,0,0,0,1,8823
"Total","Antonio Bastardo","PIT",1,4,0.5,0.25,0.25,0.5,0.5,0,0,0,0.5,0.25,0.25,0.25,0.5,0.25,8844
"Total","Ryan Cook","2 Tms",0.1,1,0,0,0,0,0,0,0,0,0,0,0,0,0,0,8855
"Total","Arquimedes Caminero","PIT",0.1,2,1,0,0.5,0.5,0,1,0,0,1,0,0,0,0.5,0.5,8992
"Total","Adam Warren","2 Tms",1,3,1,0,0.5,0.5,0,0,0,0,0.5,0.5,0,0,0.5,0.5,9029
"Total","Jeanmar Gomez","PHI",0,2,0,1,0,0,0,0,0,0,0,1,0,0,1,0,9033
"Total","J.J. Hoover","2 Tms",0.1,3,1,0,1,0,0,0,1,0,1,0,0,0,0,1,9037
"Total","John Axford","OAK",0.1,4,0.333333333,0,0.25,0.75,0,0.333333333,0,0,0.75,0,0.25,0,0.75,0.25,9059
"Total","Kirby Yates","3 Tms",1.1,5,1,0,1,0,0,0,0,0,0,0,1,0,1,0,9073
"Total","Zach Putnam","CHW",0.2,3,1,0,1,0,0,0,1,0,0,1,0,0,1,0,9080
"Total","Brad Hand","4 Tms",1.1,9,2,0,1,0,0,0,0,0,0,1,0,0.5,0,0.5,9111
"Total","Gregory Infante","CHW",0,1,0,1,0,0,0,0,0,0,1,0,0,0,1,0,9119
"Total","Alex Wilson","DET",0.1,1,0,0,0,0,0,0,0,0,0,0,0,0,0,0,9239
"Total","Simon Castro","COL",0.1,1,1,0,1,0,0,0,0,0,1,0,0,0,1,0,9243
"Total","Rob Scahill","MIL",0.2,3,1,0,0.5,0.5,0,0,0,0,0,0.5,0.5,0,1,0,9286
"Total","Buddy Baumann","SDP",0.1,2,1,0,1,0,0,0,0,0,0,1,0,1,0,0,9309
"Total","Jared Hughes","4 Tms",1.1,7,4,0,0.8,0.2,0,1,0,0,0.6,0.4,0,0.2,0.2,0.6,9325
"Total","Josh Tomlin","2 Tms",0.2,2,1,0,0.5,0.5,0,0,0,0,0.5,0,0.5,0.5,0.5,0,9388
"Total","Zac Rosscup","CHC",0.1,1,0,0,0,1,0,0,0,0,0,0,1,0,1,0,9419
"Total","Ryan Buchter","OAK",0.1,2,0,0,0,0,0,0,0,0,0,0,0,0,0,0,9456
"Total","George Kontos","SFG",1,4,2,0,1,0,0,0,0,0,0.5,0.5,0,0,0.5,0.5,9486
"Total","Jeremy Jeffress","2 Tms",0.2,2,0,0,0,0,0,0,0,0,0,0,0,0,0,0,9490
"Total","Bud Norris","2 Tms",0.1,2,0,0.5,0,0.5,0,1,0,0,0,0,1,0,0.5,0.5,9492
"Total","Austin Bibens-Dirkx","TEX",0.1,1,0,1,0,0,0,0,0,0,0,1,0,0,1,0,9559
"Total","Michael Blazek","MIL",0,0,0,0,0,0,0,0,0,0,0,0,0,0,0,0,9654
"Total","Vidal Nuno","SEA",0.1,2,1,0.5,0.5,0,0,0,0,0,0.5,0,0.5,0.5,0,0.5,9674
"Total","Louis Coleman","DET",0.1,1,0,0,0,1,0,0,0,0,0,1,0,0,1,0,9720
"Total","David Hale","PHI",0,2,0,0.5,0,0.5,0,1,0,0,0,0,1,0.5,0,0.5,9756
"Total","Joe Kelly","3 Tms",1.1,4,2,0,1,0,0,0,0,0,0.5,0.5,0,0,0.5,0.5,9761
"Total","Blake Smith","CHW",0,1,1,0,1,0,0,0,0,0,0,0,1,0,0,1,9780
"Total","Garrett Richards","TEX",0.1,2,0,0,0,1,0,0,0,0,0,1,0,0,1,0,9784
"Total","Rex Brothers","ATL",0,1,0,0,0,0,0,0,0,0,0,0,0,0,0,0,9794
"Total","Sergio Romo","4 Tms",1.1,4,0.5,0.25,0.25,0.5,0,0,0,0,0.5,0.25,0.25,0.25,0.25,0.5,9817
"Total","Chaz Roe","3 Tms",1.1,5,1,0,0.5,0.5,0,0,0,0,0.5,0.25,0.25,0,1,0,9866
"Total","Travis Wood","CHC",0.2,3,1,0,0.5,0.5,0,0,0,0,0.5,0,0.5,0.5,0.5,0,9884
"Total","Chris Rusin","COL",0,1,0,1,0,0,0,0,0,0,1,0,0,0,0,1,9895
"Total","Pedro Villarreal","CIN",0.1,1,0,0,0,1,0,0,0,0,0,0,1,1,0,0,9904
"Total","Mike Dunn","MIA",0,1,0,1,0,0,0,0,0,0,0,1,0,1,0,0,9948
"Total","Tom Wilhelmsen","3 Tms",0.2,4,1,0,0.5,0.5,0,0,0,0,0.5,0.25,0.25,0,0.75,0.25,9975
"Total","Tyler Matzek","ATL",0.2,3,0,0,0,1,0,0,0,0,1,0,0,0,1,0,10058
"Total","Brooks Raley","2 Tms",0.1,3,0,0.333333333,0,0.666666666,0,0,0,0,0.66666667,0.33333333,0,0,0.33333333,0.66666667,10061
"Total","Ian Krol","ATL",0.2,3,3,0,1,0,0,0,0,0,0.66666667,0.33333333,0,0.33333333,0.66666667,0,10066
"Total","Caleb Cotham","NYY",0.1,1,0,0,0,1,0,0,0,0,0,0,1,0,0,1,10075
"Total","Caleb Thielbar","MIN",1,3,0.5,0,0.333333333,0.666666666,0,0,0,0,0,0.66666667,0.33333333,0,0.66666667,0.33333333,10078
"Total","Brad Boxberger","MIL",0.1,1,0,0,0,0,0,0,0,0,0,0,0,0,0,0,10133
"Total","Jacob Turner","CHW",0.1,2,1,0,1,0,0,0,0,0,1,0,0,1,0,0,10185
"Total","Alexi Ogando","BOS",0.1,1,1,0,1,0,0,0,0,0,1,0,0,0,1,0,10261
"Total","Tanner Scheppers","TEX",1,3,1,0.333333333,0.333333333,0.333333333,0,0,0,0,0.33333333,0.33333333,0.33333333,0,0.66666667,0.33333333,10267
"Total","Josh Smoker","NYM",0.1,1,0,0,0,0,0,0,0,0,0,0,0,0,0,0,10285
"Total","Ryan Tepera","TOR",0.1,1,0,0,0,0,0,0,0,0,0,0,0,0,0,0,10291
"Total","Chad Bell","DET",0,0,0,0,0,0,0,0,0,0,0,0,0,0,0,0,10297
"Total","Roman Mendez","TEX",0.2,2,0,1,0,0,0,0,0,0,0,1,0,0,1,0,10307
"Total","Erasmo Ramirez","3 Tms",0.2,1,0,0,0,0,0,0,0,0,0,0,0,0,0,0,10314
"Total","Michael Tonkin","2 Tms",0.2,3,0,0,0,1,0,0,0,0,0,0,1,0,1,0,10315
"Total","Edwin Escobar","ARI",0,1,0,1,0,0,0,0,0,0,1,0,0,0,1,0,10337
"Total","Juan Minaya","CHW",0.2,2,0,0,0,1,0,0,0,0,0,0,1,0,1,0,10341
"Total","Aaron Loup","3 Tms",2.1,7,2,0,0.666666666,0.333333333,1,0,0,0,0.33333333,0.33333333,0.33333333,0.66666667,0,0.33333333,10343
"Total","Robbie Erlin","SDP",0.2,2,0,0.5,0,0.5,0,0,0,0,0,0.5,0.5,0,1,0,10354
"Total","Mychal Givens","BAL",1,3,0,0,0,0,0,0,0,0,0,0,0,0,0,0,10430
"Total","Hunter Cervenka","MIA",0,1,0,0,0,0,0,0,0,0,0,0,0,0,0,0,10510
"Total","Jake Petricka","2 Tms",0.2,2,0,0,0,1,0,0,0,0,0.5,0,0.5,0.5,0.5,0,10534
"Total","Jimmy Nelson","LAD",0.1,1,0,0,0,0,0,0,0,0,0,0,0,0,0,0,10547
"Total","Addison Reed","2 Tms",0.1,3,1,0.5,0.5,0,0,0,1,0,0.5,0,0.5,0,0.5,0.5,10586
"Total","Scott Alexander","3 Tms",1.1,6,1,0.5,0.25,0.25,0,0,0,0,0.25,0.5,0.25,0,0.5,0.5,10591
"Total","Andrew Bellatti","PHI",0.2,4,1,0.5,0.5,0,0,0,0,0,0.5,0,0.5,0,0,1,10657
"Total","Tyler Thornburg","2 Tms",0.1,2,1,0,1,0,0,0,0,0,0,1,0,0,1,0,10688
"Total","Shane Greene","DET",1.1,5,1,0,0.5,0.5,1,0,0,0,0.5,0.5,0,1,0,0,10756
"Total","Tyler Cravy","MIL",0.2,2,0,0,0,0,0,0,0,0,0,0,0,0,0,0,10770
"Total","Josh Edgin","NYM",0,1,0,0,0,0,0,0,0,0,0,0,0,0,0,0,10796
"Total","Asher Wojciechowski","CIN",0,0,0,0,0,0,0,0,0,0,0,0,0,0,0,0,10836
"Total","Adam Kolarek","TBR",0.1,1,1,0,1,0,0,0,0,0,1,0,0,1,0,0,10843
"Total","Chasen Shreve","3 Tms",2,11,2,0.142857142,0.571428571,0.285714285,0,0.5,0.25,0,0.85714286,0.14285714,0,0,0.57142857,0.42857143,10855
"Total","Christian Bergman","COL",0.1,1,0,1,0,0,0,0,0,0,1,0,0,0,0,1,10925
"Total","Josh A. Smith","MIA",0,1,0,0,0,1,0,0,0,0,0,0,1,0,0,1,10946
"Total","Tim Adleman","CIN",0.1,1,0,0,0,0,0,0,0,0,0,0,0,0,0,0,10968
"Total","Ryan O'Rourke","MIN",0.1,1,0,0,0,1,0,0,0,0,1,0,0,0,1,0,10976
"Total","Kevin Shackelford","CIN",0.1,1,0,0,0,0,0,0,0,0,0,0,0,0,0,0,11012
"Total","Casey Lawrence","STL",0.1,1,0,0,0,1,0,0,0,0,1,0,0,0,1,0,11121
"Total","Grant Dayton","LAD",0.2,2,0,0,0,1,0,0,0,0,0.5,0.5,0,0,0.5,0.5,11203
"Total","Casey Sadler","TBR",0,1,1,0,1,0,0,0,0,0,1,0,0,0,0,1,11209
"Total","Aaron Barrett","WSN",0,0,0,0,0,0,0,0,0,0,0,0,0,0,0,0,11243
"Total","Sean Nolin","WSN",0.1,1,1,0,1,0,0,0,0,0,1,0,0,0,1,0,11341
"Total","Pat Dean","MIN",0.1,1,0,0,0,0,0,0,0,0,0,0,0,0,0,0,11350
"Total","Tommy Kahnle","2 Tms",1,4,1,0.666666666,0.333333333,0,0,0,0,0,1,0,0,0.33333333,0,0.66666667,11384
"Total","Danny Barnes","TOR",0.2,2,2,0,1,0,0,0,0,0,0.5,0.5,0,0,1,0,11388
"Total","Alex Wimmers","MIN",0.1,1,1,0,1,0,0,0,0,0,1,0,0,0,0,1,11394
"Total","Jose Quintana","SFG",0.1,1,1,0,1,0,0,0,0,0,0,1,0,0,1,0,11423
"Total","Drew Pomeranz","3 Tms",0.2,6,0.5,0.25,0.25,0.5,0,0.5,0,0,0.25,0.75,0,0,0.25,0.75,11426
"Total","Brandon Workman","BOS",0.2,3,2,0,1,0,0,0,0.5,0,0.5,0.5,0,1,0,0,11428
"Total","A.J. Schugel","PIT",0,2,0,1,0,0,0,0,0,0,0,1,0,0,0.5,0.5,11432
"Total","Jesse Biddle","2 Tms",0,3,0,1,0,0,0,0,0,0,0,0,1,0.5,0,0.5,11437
"Total","Johnny Barbato","NYY",0.1,1,1,0,1,0,0,0,0,0,1,0,0,0,1,0,11440
"Total","Matt Grace","WSN",0.2,3,3,0,1,0,0,0,0,0,0,0.66666667,0.33333333,0,0.66666667,0.33333333,11449
"Total","Sammy Solis","WSN",0,3,1,0.666666666,0.333333333,0,0,0,0,0,0.33333333,0.33333333,0.33333333,0.33333333,0.33333333,0.33333333,11457
"Total","A.J. Cole","NYY",0.1,1,0,0,0,1,0,0,0,0,0,1,0,0,0,1,11467
"Total","Zach Lee","SDP",0.1,1,1,0,1,0,0,0,0,0,1,0,0,0,0,1,11468
"Total","Bryan Mitchell","NYY",0,1,0,0,0,1,0,1,0,0,1,0,0,0,0,1,11479
"Total","Joely Rodriguez","2 Tms",0.1,1,1,0,1,0,0,0,0,0,0,1,0,1,0,0,11487
"Total","Brandon Cunniff","ATL",0.1,1,0,0,0,1,0,0,0,0,0,1,0,0,1,0,11509
"Total","Josh Osich","SFG",0,0,0,0,0,0,0,0,0,0,0,0,0,0,0,0,11528
"Total","Jose Dominguez","SDP",0.1,2,1,0.5,0.5,0,0,0,0,0,0,0.5,0.5,0.5,0.5,0,11571
"Total","Conor Mullee","NYY",0.1,2,1,0,1,0,0,0,0,0,1,0,0,0,1,0,11580
"Total","Jose Urena","MIA",0,1,0,1,0,0,0,0,0,0,1,0,0,0,0,1,11589
"Total","Deck McGuire","LAA",0.1,1,0,0,0,0,0,0,0,0,0,0,0,0,0,0,11596
"Total","Dovydas Neverauskas","PIT",0.1,2,0,1,0,0,0,0,0,0,1,0,0,0,1,0,11604
"Total","Heath Hembree","BOS",1.1,5,1,0.333333333,0.333333333,0.333333333,0,0,0,0,0,0.33333333,0.66666667,0.33333333,0.66666667,0,11632
"Total","Mayckol Guaipe","SEA",0.1,1,0,0,0,0,0,0,0,0,0,0,0,0,0,0,11663
"Total","Tayron Guerrero","MIA",0.1,1,0,0,0,0,0,0,0,0,0,0,0,0,0,0,11691
"Total","Sam Dyson","SFG",0.1,2,1,0,1,0,0,0,0,0,1,0,0,0,0,1,11710
"Total","Justin Grimm","CHC",1,4,1,0.333333333,0.333333333,0.333333333,0,0,0,0,0.33333333,0.66666667,0,0,0.66666667,0.33333333,11720
"Total","Luke Jackson","ATL",1,5,2,0.333333333,0.666666666,0,0,0,0,0,0.66666667,0.33333333,0,0,0.66666667,0.33333333,11752
"Total","Kyle Ryan","2 Tms",0.2,3,1,0.333333333,0.333333333,0.333333333,0,0,0,0,0.33333333,0.33333333,0.33333333,0.33333333,0.66666667,0,11753
"Total","Justin Nicolino","MIA",0.1,2,1,0,0.5,0.5,0,0,0,0,0,0.5,0.5,0,1,0,11754
"Total","Drew Smyly","2 Tms",0,0,0,0,0,0,0,0,0,0,0,0,0,0,0,0,11760
"Total","Hansel Robles","3 Tms",1.2,7,1,0.5,0.5,0,0,1,0,0,0,1,0,0,0.5,0.5,11801
"Total","Hector Neris","2 Tms",2,6,0.25,0,0.2,0.8,0,0,0,0,0.6,0.2,0.2,0.6,0.4,0,11804
"Total","Alberto Baldonado","WSN",0,0,0,0,0,0,0,0,0,0,0,0,0,0,0,0,11812
"Total","Chris Martin","2 Tms",0.1,3,3,0,1,0,0,0,0,0,0,0.66666667,0.33333333,0.33333333,0.33333333,0.33333333,11847
"Total","Jason Adam","2 Tms",0.1,2,0,0.5,0,0.5,0,0,0,0,0,0.5,0.5,0,0.5,0.5,11861
"Total","Michael Feliz","PIT",0,2,0,0,0,0,0,0,0,0,0,0,0,0,0,0,11903
"Total","Taylor Cole","LAA",0,1,0,1,0,0,0,0,0,0,1,0,0,0,0,1,11964
"Total","Matt Andriese","2 Tms",0.1,2,1,0,1,0,0,0,0,0,1,0,0,0,0,1,12022
"Total","Brian Flynn","KCR",0.1,1,0,0,0,1,0,0,0,0,0,1,0,0,0,1,12027
"Total","Scott McGough","MIA",0,1,0,0,0,1,0,0,0,0,0,0,1,0,0,1,12056
"Total","Yimi Garcia","3 Tms",1.2,6,0,0,0,1,0,0,0,0,0.5,0.5,0,0,1,0,12095
"Total","Parker Markel","PIT",0.1,1,0,0,0,0,0,0,0,0,0,0,0,0,0,0,12106
"Total","Jason Garcia","BAL",0.1,1,1,0,1,0,0,0,0,0,0,1,0,0,0,1,12143
"Total","Domingo Tapia","2 Tms",0.1,2,1,0.5,0.5,0,0,0,0,0,0.5,0.5,0,0,1,0,12178
"Total","Cody Martin","ATL",0.1,1,0,0,0,1,0,0,0,0,0,0,1,0,1,0,12182
"Total","Seth Maness","STL",0.2,2,0,0,0,1,0,0,0,0,1,0,0,0,1,0,12235
"Total","Dan Winkler","ATL",0.2,3,0,0.5,0,0.5,0,0,0,0,0.5,0,0.5,0,1,0,12237
"Total","Ryan Sherriff","BOS",0.1,1,0,0,0,1,0,0,0,0,0,0,1,0,0,1,12249
"Total","Nefi Ogando","MIA",0.1,1,0,0,0,0,0,0,0,0,0,0,0,0,0,0,12253
"Total","Evan Marshall","CHW",0.2,4,1,0,1,0,0,0,0,0,0,1,0,0,0,1,12297
"Total","Jacob Barnes","3 Tms",0.2,2,1,0,1,0,0,0,0,0,1,0,0,1,0,0,12323
"Total","Jace Peterson","MIL",0,1,0,1,0,0,0,0,0,0,1,0,0,0,1,0,12325
"Total","Kevin Quackenbush","SDP",0.1,3,2,0,0.666666666,0.333333333,0,0,0,0,0,0.33333333,0.66666667,0,0.66666667,0.33333333,12360
"Total","Spencer Patton","2 Tms",0.2,3,1,0,0.5,0.5,0,0,0,0,0.5,0.5,0,0,1,0,12361
"Total","Seth Lugo","NYM",0.2,2,0,0,0,1,0,0,0,0,0,0.5,0.5,0,1,0,12447
"Total","Chasen Bradford","NYM",0.1,1,0,0,0,1,0,0,0,0,0,1,0,0,1,0,12452
"Total","Drew Rucinski","MIA",0.1,1,0,1,0,0,0,0,0,0,0,1,0,0,0,1,12499
"Total","Tony Cingrani","2 Tms",1,3,0,0,0,1,0,0,0,0,1,0,0,0,1,0,12555
"Total","Blake Treinen","3 Tms",1,3,0,0.5,0,0.5,0,0,0,0,0.5,0,0.5,1,0,0,12572
"Total","Nick Ramirez","2 Tms",0.1,3,0,0.333333333,0,0.666666666,0,0,0,0,0.33333333,0.66666667,0,0,0.66666667,0.33333333,12575
"Total","Adam Morgan","CHC",0.1,1,0,0,0,0,0,0,0,0,0,0,0,0,0,0,12580
"Total","Mike Wright Jr.","2 Tms",0.2,2,0,0,0,1,0,0,0,0,0,0,1,0,1,0,12586
"Total","Nate Karns","SEA",0.1,1,0,1,0,0,0,0,0,0,0,0,1,0,0,1,12638
"Total","Phil Klein","TEX",0.1,1,1,0,1,0,0,0,0,0,1,0,0,0,1,0,12675
"Total","Ryne Harper","WSN",0,1,0,0,0,1,0,1,0,0,1,0,0,0,0,1,12680
"Total","Nick Martinez","SDP",0,2,0,1,0,0,0,0,0,0,0.5,0,0.5,0.5,0.5,0,12730
"Total","Rafael Montero","NYM",0.2,3,0,0,0,1,0,0,0,0,0,0,1,0,0,1,12760
"Total","Chris Devenski","2 Tms",1.2,5,0.5,0,0.333333333,0.666666666,0,0,0,0,0.66666667,0.33333333,0,0,1,0,12763
"Total","John Brebbia","STL",0.1,3,0,0,0,1,0,0,0,0,1,0,0,1,0,0,12777
"Total","Sam Gaviglio","TOR",0,0,0,0,0,0,0,0,0,0,0,0,0,0,0,0,12778
"Total","Sean Gilmartin","2 Tms",0.1,1,0,0,0,1,1,0,0,0,0,0,1,1,0,0,12781
"Total","Burch Smith","KCR",0.1,2,0,1,0,0,0,0,0,0,1,0,0,0,0,1,12784
"Total","Noe Ramirez","LAA",0.2,4,1,0.333333333,0.333333333,0.333333333,0,0,0,0,0.33333333,0.33333333,0.33333333,0.66666667,0,0.33333333,12800
"Total","Matt Wisler","CIN",0.1,2,1,0.5,0.5,0,0,0,0,0,1,0,0,0,1,0,12804
"Total","Mike Clevinger","CLE",0.1,1,0,0,0,1,0,0,0,0,0,1,0,0,1,0,12808
"Total","Andrew Kittredge","TBR",1,5,1,0.5,0.5,0,0,0,0,0,1,0,0,0,1,0,12828
"Total","Shawn Armstrong","BAL",0.2,2,0,0,0,1,0,0,0,0,0,0,1,0,1,0,12857
"Total","Matt Barnes","MIA",0,0,0,0,0,0,0,0,0,0,0,0,0,0,0,0,12863
"Total","Andrew McKirahan","ATL",0.2,2,1,0,1,0,0,0,0,0,0,1,0,0,1,0,12870
"Total","Tony Zych","SEA",1,5,1,0,0.5,0.5,0,0,0,0,0,1,0,0,0.5,0.5,12876
"Total","Alex Claudio","2 Tms",1,2,1,0,1,0,0,0,0,0,0,1,0,1,0,0,12890
"Total","Logan Verrett","TEX",0.1,1,0,0,0,0,0,0,0,0,0,0,0,0,0,0,12905
"Total","Archie Bradley","LAA",0,0,0,0,0,0,0,0,0,0,0,0,0,0,0,0,12918
"Total","Gabriel Ynoa","BAL",0.2,3,1,0,1,0,0,0,0,0,0,1,0,0,0,1,12938
"Total","Joe Musgrove","HOU",0.1,1,0,0,0,1,1,0,0,0,0,0,1,1,0,0,12970
"Total","Joe Ross","WSN",0.2,2,1,0.5,0.5,0,0,0,0,0,0,0,1,0.5,0,0.5,12972
"Total","Andrew Faulkner","TEX",0.1,2,1,0.5,0.5,0,0,0,0,0,0,0.5,0.5,0.5,0.5,0,12982
"Total","Andrew Chafin","2 Tms",2,7,5,0,1,0,0,0,0,0,0.8,0.2,0,0.2,0.8,0,12988
"Total","Colten Brewer","2 Tms",0,2,2,0,1,0,0,0,0.5,0,0.5,0,0.5,0,0.5,0.5,12997
"Total","Robby Scott","BOS",0.1,2,0,0,0,1,0,0,0,0,1,0,0,0,1,0,13042
"Total","Reymin Guduan","HOU",0,1,0,0,0,1,0,0,0,0,0,1,0,0,0,1,13058
"Total","Kyle Crick","2 Tms",0.2,3,1,0.5,0.5,0,0,0,0,0,0.5,0,0.5,0.5,0.5,0,13182
"Total","Adalberto Mejia","MIN",0.1,1,0,0,0,1,0,0,0,0,1,0,0,0,1,0,13188
"Total","Jordan Weems","WSN",0.1,1,0,0,0,1,1,0,0,0,0,0,1,1,0,0,13190
"Total","Joe Biagini","2 Tms",1.1,5,0.5,0,0.333333333,0.666666666,0,0,0,0,0.33333333,0.33333333,0.33333333,0.33333333,0.66666667,0,13194
"Total","Warwick Saupold","DET",0,2,0,1,0,0,0,0,0,0,0,0.5,0.5,0,0,1,13211
"Total","Michael Fulmer","2 Tms",0.2,2,1,0,1,0,0,0,0,0,0,1,0,0,0,1,13218
"Total","Ross Stripling","LAD",0.1,2,0,0.5,0,0.5,0,0,0,0,0.5,0,0.5,0,0.5,0.5,13273
"Total","Jesse Hahn","KCR",0.1,2,1,0,1,0,0,0,0,0,1,0,0,0,1,0,13287
"Total","Danny Coulombe","2 Tms",0.2,3,1,0.5,0.5,0,0,0,0,0,0.5,0.5,0,0,1,0,13293
"Total","James Pazos","SEA",1,4,0,0,0,1,0,0,0,0,0.5,0,0.5,0,1,0,13323
"Total","Adrian Sampson","TEX",0.1,1,0,0,0,0,0,0,0,0,0,0,0,0,0,0,13339
"Total","Luis Cessa","2 Tms",1,5,3,0,0.75,0.25,1,0,0,0,0.5,0.25,0.25,0.5,0.25,0.25,13345
"Total","Hoby Milner","2 Tms",1,4,3,0,1,0,0,0,0,0,1,0,0,0,1,0,13346
"Total","Cam Bedrosian","LAA",0.1,1,0,0,0,0,0,0,0,0,0,0,0,0,0,0,13360
"Total","Dylan Floro","CIN",0.1,1,1,0,1,0,0,0,0,0,0,1,0,0,0,1,13394
"Total","Sam Selman","LAA",0.1,2,0,1,0,0,0,0,0,0,0.5,0,0.5,0.5,0.5,0,13397
"Total","Chris Beck","CHW",0.2,3,0,1,0,0,0,0,0,0,1,0,0,0,0,1,13418
"Total","Matt Koch","ARI",0.1,1,0,0,0,0,0,0,0,0,0,0,0,0,0,0,13420
"Total","Drew VerHagen","STL",0.2,3,0,0,0,0,0,0,0,0,0,0,0,0,0,0,13424
"Total","Pat Light","MIN",0,1,0,1,0,0,0,0,0,0,1,0,0,0,0,1,13427
"Total","Pierce Johnson","SDP",0.1,2,0,0.5,0,0.5,0,0,0,0,0,1,0,0.5,0,0.5,13435
"Total","Mike Morin","LAA",0.2,3,0,0,0,1,0,0.5,0,0,1,0,0,0,0.5,0.5,13442
"Total","Taylor Rogers","MIN",0,1,0,1,0,0,0,0,0,0,0,1,0,0,1,0,13449
"Total","Lucas Sims","CIN",1.1,5,1.5,0,0.6,0.4,0,0,0,0,0.4,0.6,0,0.2,0.2,0.6,13470
"Total","Daniel Norris","DET",0.1,1,0,1,0,0,0,0,0,0,0,0,1,0,0,1,13475
"Total","Sam Tuivailala","STL",0.1,1,0,0,0,1,0,0,0,0,0,1,0,0,1,0,13485
"Total","Matt Bowman","STL",0.2,2,0,0,0,0,0,0,0,0,0,0,0,0,0,0,13528
"Total","Richard Rodriguez","PIT",0.2,3,2,0,0.666666666,0.333333333,0,0,0.5,0,0.33333333,0.66666667,0,0.66666667,0.33333333,0,13549
"Total","Justin Haley","BOS",0.1,1,1,0,1,0,0,0,0,0,1,0,0,0,0,1,13572
"Total","Steven Okert","MIA",1,4,0,0.5,0,0.5,0,0,0,0,0.5,0,0.5,0,1,0,13580
"Total","Robert Stephenson","3 Tms",1.2,10,2,0.5,0.333333333,0.166666666,0,2,0.5,0,0.5,0.33333333,0.16666667,0,0.66666667,0.33333333,13594
"Total","Shawn Morimando","CLE",0.1,2,1,0,1,0,0,0,0,0,1,0,0,1,0,0,13606
"Total","Carl Edwards Jr.","2 Tms",1.1,5,0,0.333333333,0,0.666666666,0.5,0,0,0,0,1,0,0.33333333,0.66666667,0,13607
"Total","Taylor Guerrieri","2 Tms",0.2,2,1,0,1,0,0,0,0,0,1,0,0,0,1,0,13616
"Total","Clay Holmes","PIT",0.1,1,0,0,0,0,0,0,0,0,0,0,0,0,0,0,13649
"Total","Tayler Scott","OAK",0.1,1,0,0,0,0,0,0,0,0,0,0,0,0,0,0,13652
"Total","Jharel Cotton","SFG",0,0,0,0,0,0,0,0,0,0,0,0,0,0,0,0,13654
"Total","John Gant","STL",0.1,1,0,0,0,1,0,0,0,0,0,0,1,0,1,0,13684
"Total","Nick Goody","3 Tms",1.2,7,1,0.2,0.4,0.4,0,0,0,0,0.4,0.4,0.2,0,0.6,0.4,13685
"Total","Robert Gsellman","NYM",0.1,2,1,0,0.5,0.5,0,0,1,0,0.5,0.5,0,0,0.5,0.5,13696
"Total","Kyle Barraclough","2 Tms",0.2,2,0,1,0,0,0,0,0,0,0,1,0,0,0,1,13713
"Total","Tyler Duffey","MIN",0.2,4,1,0.666666666,0.333333333,0,0,0,1,0,0.66666667,0.33333333,0,0,1,0,13758
"Total","Chris Stratton","3 Tms",1,4,0,0.333333333,0,0.666666666,0,0,0,0,0,0.33333333,0.66666667,0,0.66666667,0.33333333,13761
"Total","Dominic Leone","3 Tms",1.1,4,0.5,0,0.333333333,0.666666666,0,0,0,0,0.33333333,0.33333333,0.33333333,0,0.33333333,0.66666667,13763
"Total","Roberto Osuna","TOR",0.1,1,0,0,0,0,0,0,0,0,0,0,0,0,0,0,13764
"Total","JT Chargois","2 Tms",0.2,2,0,0,0,1,0,0,0,0,0,1,0,0,0,1,13767
"Total","Daniel Stumpf","DET",0.2,2,1,0,1,0,0,0,0,0,1,0,0,0,1,0,13780
"Total","Matt Strahm","2 Tms",0.1,1,1,0,1,0,0,0,0,0,0,0,1,1,0,0,13799
"Total","Austin Adams","ARI",0.1,1,0,0,0,1,0,0,0,0,0,1,0,0,0,1,13801
"Total","Alec Mills","CHC",0.1,3,2,0,1,0,0,0,0,0,1,0,0,0.5,0,0.5,13834
"Total","Ian Thomas","ATL",0.1,0,0,0,0,0,0,0,0,0,0,0,0,0,0,0,13881
"Total","Paul Sewald","NYM",0,1,0,0,0,1,0,1,0,0,1,0,0,0,0,1,13892
"Total","Chris Flexen","NYM",0.2,2,1,0,1,0,0,0,0,0,1,0,0,0,1,0,13896
"Total","Scott Oberg","COL",1,5,3,0,0.75,0.25,0,0,0.333333333,0,0.5,0.25,0.25,0.5,0.5,0,13911
"Total","Brent Suter","2 Tms",0.2,3,1,0.5,0.5,0,0,0,0,0,0.5,0.5,0,0,0.5,0.5,13942
"Total","Tim Peterson","NYM",0.1,3,0,0.5,0,0.5,0,0,0,0,0.5,0,0.5,0.5,0,0.5,13946
"Total","Ryan Dull","2 Tms",1,3,0,0,0,1,0,0,0,0,0.5,0.5,0,0.5,0.5,0,13974
"Total","Ryan Garton","TBR",0.1,1,0,0,0,0,0,0,0,0,0,0,0,0,0,0,14016
"Total","Branden Kline","BAL",0.1,1,0,0,0,0,0,0,0,0,0,0,0,0,0,0,14101
"Total","Kyle Zimmer","KCR",0.1,1,0,0,0,0,0,0,0,0,0,0,0,0,0,0,14169
"Total","Luke Bard","LAA",0.1,1,1,0,1,0,0,0,0,0,0,1,0,1,0,0,14288
"Total","Wandy Peralta","2 Tms",1.2,6,0.666666666,0,0.4,0.6,0,0.333333333,0,0,0.4,0.4,0.2,0,0.8,0.2,14295
"Total","Frankie Montas","CHW",0.1,1,0,0,0,0,0,0,0,0,0,0,0,0,0,0,14309
"Total","Joel Payamps","MIL",0.2,2,1,0,1,0,0,0,0,0,0,1,0,1,0,0,14332
"Total","Williams Jerez","PIT",0,1,0,0,0,0,0,0,0,0,0,0,0,0,0,0,14338
"Total","Ty Blach","COL",0,1,1,0,1,0,0,0,0,0,0,1,0,0,1,0,14361
"Total","Tyler Glasnow","PIT",0,1,0,1,0,0,0,0,0,0,1,0,0,0,0,1,14374
"Total","Amir Garrett","2 Tms",2,8,1,0.333333333,0.333333333,0.333333333,0,0,0,0,0.33333333,0.66666667,0,0,0,1,14375
"Total","Wei-Chung Wang","OAK",0.1,1,0,0,0,1,0,0,0,0,0,1,0,0,1,0,14382
"Total","Robinson Leyer","BOS",0.1,1,0,0,0,0,0,0,0,0,0,0,0,0,0,0,14399
"Total","Yunior Marte","SFG",0.1,1,1,0,1,0,0,0,0,0,1,0,0,0,0,1,14416
"Total","Jackson Stephens","CIN",0.1,1,1,0,1,0,0,0,0,0,1,0,0,0,0,1,14420
"Total","Adam Conley","MIA",0.1,3,1,0,0.5,0.5,0,1,0,0,0.5,0,0.5,0,0.5,0.5,14457
"Total","Jose A. Valdez","LAA",0.2,2,1,0,0.5,0.5,1,0,0,0,0,0.5,0.5,0.5,0.5,0,14470
"Total","J.B. Wendelken","OAK",0.2,6,1,0,0.5,0.5,0.333333333,0.333333333,0.666666666,0,0.5,0.16666667,0.33333333,0.33333333,0.5,0.16666667,14506
"Total","Randy Rosario","CHC",0.1,3,0,0,0,1,0,1,0,0,0,1,0,0,0,1,14508
"Total","Jose Leclerc","TEX",1,3,0,1,0,0,0,0,0,0,1,0,0,0,0,1,14524
"Total","Carlos Estevez","COL",0.1,1,0,0,0,0,0,0,0,0,0,0,0,0,0,0,14542
"Total","Dakota Bacus","WSN",0.2,2,1,0,0.5,0.5,0,0,0,0,0,0.5,0.5,0.5,0.5,0,14545
"Total","Jose Ruiz","CHW",1,5,0.333333333,0,0.25,0.75,0.333333333,0,0,0,0.5,0.25,0.25,0.25,0.25,0.5,14552
"Total","James Hoyt","HOU",0,1,0,0,0,1,0,1,0,0,0,0,1,0,0,1,14605
"Total","Konner Wade","BAL",0,1,0,1,0,0,0,0,0,0,1,0,0,0,1,0,14655
"Total","Jandel Gustave","2 Tms",0.2,4,1,0,0.5,0.5,0,0,0.5,0,0,0.75,0.25,0,1,0,14665
"Total","Duane Underwood Jr.","2 Tms",0.1,1,1,0,1,0,0,0,0,0,1,0,0,0,1,0,14677
"Total","Andres Machado","WSN",0.2,5,3,0,1,0,0,0,0.333333333,0,1,0,0,0.33333333,0.66666667,0,14681
"Total","Luis Perdomo","SDP",0,1,1,0,1,0,0,0,0,0,0,1,0,0,1,0,14682
"Total","Edwin Diaz","SEA",0.1,1,0,1,0,0,0,0,0,0,1,0,0,0,0,1,14710
"Total","Ty Buttrey","LAA",1,4,2,0.25,0.5,0.25,0,0,0,0,0.5,0,0.5,0.25,0.5,0.25,14719
"Total","Jose Manuel Fernandez","TOR",0.1,1,0,0,0,0,0,0,0,0,0,0,0,0,0,0,14733
"Total","Wes Parsons","2 Tms",0.2,2,0,0,0,1,0,0,0,0,0,1,0,0,0,1,14764
"Total","Emilio Pagan","2 Tms",0.2,2,0,0,0,1,0,0,0,0,1,0,0,0,1,0,14771
"Total","Barrett Astin","CIN",0.1,1,1,0,1,0,0,0,0,0,0,1,0,1,0,0,14812
"Total","Buck Farmer","2 Tms",0.2,5,0,0.333333333,0,0.666666666,0,0,0,0,0.33333333,0,0.66666667,0.33333333,0.66666667,0,14814
"Total","Michael Lorenzen","2 Tms",1.1,4,3,0,0.75,0.25,0,0,0,0,0.5,0,0.5,0,0.75,0.25,14843
"Total","Sam Moll","OAK",0.2,4,4,0,1,0,0,0,0,0,0.5,0.25,0.25,0.25,0.75,0,14874
"Total","Caleb Smith","ARI",0.1,1,0,0,0,0,0,0,0,0,0,0,0,0,0,0,14875
"Total","Taylor Williams","MIL",0.1,1,1,0,1,0,0,0,0,0,1,0,0,0,1,0,14899
"Total","Jose Torres","SDP",0.2,3,0.5,0,0.333333333,0.666666666,0,0,1,0,0.66666667,0.33333333,0,0.33333333,0.66666667,0,14957
"Total","Reyes Moronta","SFG",1,4,3,0,1,0,0,0,0,0,0.33333333,0.33333333,0.33333333,0.66666667,0.33333333,0,14966
"Total","Tyler Webb","STL",0.2,3,1,0.333333333,0.333333333,0.333333333,0,1,0,0,0.33333333,0.33333333,0.33333333,0.33333333,0.33333333,0.33333333,14974
"Total","Giovanny Gallegos","STL",1.1,5,0.333333333,0,0.25,0.75,0,0,0,0,0.25,0,0.75,0,0.75,0.25,14986
"Total","Scott Barlow","2 Tms",2,6,1,0.5,0.25,0.25,0,0,0,0,0.5,0.25,0.25,0.25,0,0.75,14993
"Total","Yacksel Rios","BOS",0.1,2,2,0,1,0,0,0,0,0,0,0.5,0.5,0,1,0,15007
"Total","Kyle Finnegan","WSN",1,4,0.5,0,0.333333333,0.666666666,0.5,0,0,0,0,0.33333333,0.66666667,0.33333333,0.66666667,0,15009
"Total","Corey Knebel","PHI",0.1,1,1,0,1,0,0,0,0,0,0,0,1,1,0,0,15010
"Total","Victor Alcantara","DET",0.1,2,0,0,0,0,0,0,0,0,0,0,0,0,0,0,15028
"Total","Chase De Jong","PIT",0.1,1,0,0,0,1,0,0,0,0,0,1,0,0,1,0,15036
"Total","German Marquez","COL",0.1,1,0,0,0,1,0,0,0,0,0,0,1,0,0,1,15038
"Total","Tim Mayza","TOR",1.2,7,4,0.166666666,0.666666666,0.166666666,0,0,0,0,0.16666667,0.5,0.33333333,0.66666667,0.16666667,0.16666667,15042
"Total","Lou Trivino","2 Tms",1,3,1,0,0.5,0.5,0,0,0,0,0.5,0,0.5,0.5,0.5,0,15043
"Total","Trevor Gott","3 Tms",0.1,1,0,0,0,1,0,0,0,0,0,1,0,0,1,0,15046
"Total","Austin Voth","WSN",0.1,1,0,0,0,1,0,0,0,0,0,0,1,0,0,1,15047
"Total","Silvino Bracho","ARI",0,2,0,0,0,1,0,1,0,0,1,0,0,0,0,1,15051
"Total","Yency Almonte","2 Tms",1,4,2,0,0.666666666,0.333333333,0,0,0,0,0.66666667,0.33333333,0,0.33333333,0.33333333,0.33333333,15068
"Total","Kyle McGowin","WSN",0.1,2,1,0,1,0,0,0,0,0,1,0,0,0,1,0,15071
"Total","Hunter Wood","2 Tms",0.2,2,0,0,0,1,0,0,0,0,0,0.5,0.5,0,0.5,0.5,15091
"Total","Rob Zastryzny","CHC",0.1,2,0,1,0,0,0,0,0,0,0,1,0,0,1,0,15094
"Total","Ben Heller","NYY",0.1,2,0,0,0,1,0,0,0,0,0,1,0,0,1,0,15100
"Total","Luke Farrell","2 Tms",0.2,2,0,0,0,1,0,0,0,0,0,0,1,0,1,0,15101
"Total","Jimmie Sherfy","ARI",0.2,2,0,0,0,1,0.5,0,0,0,0.5,0,0.5,1,0,0,15118
"Total","Drew Anderson","PHI",0.1,2,0,1,0,0,0,0,0,0,1,0,0,1,0,0,15130
"Total","Jimmy Yacabonis","BAL",0.1,1,0,1,0,0,0,0,0,0,1,0,0,0,0,1,15157
"Total","Cody Reed","CIN",0.1,2,0,1,0,0,0,0,0,0,0.5,0.5,0,0,1,0,15232
"Total","Kevin McCarthy","KCR",1.1,4,2,0.333333333,0.666666666,0,0,0,0,0,0,0.66666667,0.33333333,0.33333333,0.33333333,0.33333333,15240
"Total","Cole Sulser","MIA",0.1,1,0,0,0,0,0,0,0,0,0,0,0,0,0,0,15256
"Total","Keynan Middleton","2 Tms",0.1,1,0,1,0,0,0,0,0,0,1,0,0,0,0,1,15264
"Total","Zac Reininger","DET",0.2,2,0,0,0,1,0,0,0,0,0,0,1,0,0,1,15285
"Total","Adam Cimber","2 Tms",1,4,0,0,0,1,0,0,0,0,1,0,0,0,0,1,15288
"Total","Austin Pruitt","2 Tms",1,3,1,0.333333333,0.333333333,0.333333333,1,0,0,0,0.33333333,0,0.66666667,0.66666667,0,0.33333333,15290
"Total","Steven Brault","PIT",0.1,1,0,1,0,0,0,0,0,0,0,1,0,0,1,0,15291
"Total","Donnie Hart","BAL",0.1,3,2,0,1,0,0,0,0,0,0,1,0,0,0.5,0.5,15306
"Total","Andrew Heaney","TEX",0.1,1,1,0,1,0,0,0,0,0,0,1,0,1,0,0,15423
"Total","Mike Mayers","LAA",0.1,2,0,0.5,0,0.5,0,0,0,0,0.5,0.5,0,0,0.5,0.5,15451
"Total","Nick Pivetta","BOS",0,0,0,0,0,0,0,0,0,0,0,0,0,0,0,0,15454
"Total","Kendall Graveman","SEA",0.1,1,1,0,1,0,0,0,0,0,0,1,0,0,1,0,15514
"Total","Eric Yardley","MIL",0,1,1,0,1,0,0,0,0,0,0,1,0,0,1,0,15538
"Total","Mark Leiter Jr.","2 Tms",0.2,3,0,0.5,0,0.5,0,0,0,0,1,0,0,0.5,0.5,0,15551
"Total","Nick Wittgren","MIA",1,3,0,0.5,0,0.5,0,0,0,0,0,0.5,0.5,0,0.5,0.5,15594
"Total","Ariel Hernandez","CIN",0.2,3,0,0,0,0,0,0,0,0,0,0,0,0,0,0,15603
"Total","Yefry Ramirez","PIT",0,1,1,0,1,0,0,0,1,0,1,0,0,0,0,1,15655
"Total","Dalier Hinojosa","PHI",0.2,2,1,0,0.5,0.5,0,0,0,0,0.5,0,0.5,0,0.5,0.5,15671
"Total","Miguel Castro","3 Tms",2.1,11,0,0.4,0,0.6,0,0.333333333,0,0,0.4,0.6,0,0.2,0.4,0.4,15684
"Total","Jimmy Cordero","2 Tms",1,4,3,0.25,0.75,0,0,0,0,0,0.75,0.25,0,0,0.75,0.25,15690
"Total","Joe Jimenez","2 Tms",0.1,3,1,0.333333333,0.333333333,0.333333333,0,0,0,0,0,0.66666667,0.33333333,0,0.33333333,0.66666667,15761
"Total","Devin Williams","MIL",0.1,1,1,0,1,0,0,0,0,0,1,0,0,0,1,0,15816
"Total","Zack Littell","SFG",0.2,2,1,0,1,0,0,0,0,0,0,0,1,1,0,0,15823
"Total","Paul Fry","BAL",0.1,2,2,0,1,0,0,0,0.5,0,1,0,0,0,1,0,15832
"Total","Wander Suero","2 Tms",0.1,1,0,0,0,0,0,0,0,0,0,0,0,0,0,0,15855
"Total","Stephen Tarpley","NYY",0.1,1,0,0,0,0,0,0,0,0,0,0,0,0,0,0,15859
"Total","Sean Manaea","SFG",0.1,1,0,0,0,0,0,0,0,0,0,0,0,0,0,0,15873
"Total","Luis Severino","NYY",0.1,1,0,0,0,0,0,0,0,0,0,0,0,0,0,0,15890
"Total","Ryne Stanek","3 Tms",2,8,0.25,0,0.2,0.8,0.25,0,0,0,0.4,0.2,0.4,0.4,0.2,0.4,15947
"Total","Stefan Crichton","ARI",0,1,0,1,0,0,0,0,0,0,0,0,1,0,1,0,16058
"Total","Edubray Ramos","PHI",0.1,2,0,0,0,1,0,0.5,0,0,0.5,0.5,0,0,0.5,0.5,16086
"Total","Carlos Rodon","CHW",0,1,0,1,0,0,0,0,0,0,1,0,0,1,0,0,16137
"Total","Jace Fry","CHW",1,3,1,0,1,0,0,0,0,0,1,0,0,0,1,0,16159
"Total","Justin Anderson","LAA",0.1,1,1,0,1,0,0,0,0,0,0,1,0,0,0,1,16201
"Total","Brandon Finnegan","KCR",0.1,1,1,0,1,0,0,0,0,0,0,1,0,0,1,0,16208
"Total","Jake Reed","LAD",0.1,1,0,1,0,0,0,0,0,0,0,0,1,1,0,0,16209
"Total","Tejay Antone","CIN",0.1,2,0,1,0,0,0,0,0,0,1,0,0,0,1,0,16233
"Total","Aaron Bummer","CHW",1.1,5,2,0.333333333,0.666666666,0,0,0,0,0,0.33333333,0.33333333,0.33333333,0,1,0,16258
"Total","Sam Howard","PIT",0.1,1,0,0,0,1,0,0,0,0,1,0,0,0,1,0,16265
"Total","Gerardo Reyes","SDP",0,1,0,0,0,1,0,0,0,0,0,0,1,0,0,1,16306
"Total","Austen Williams","WSN",0,0,0,0,0,0,0,0,0,0,0,0,0,0,0,0,16309
"Total","Alex McRae","PIT",0.1,2,1,0,0.5,0.5,0,0,0,0,1,0,0,0,0.5,0.5,16317
"Total","Ryan Borucki","PIT",0,1,0,0,0,0,0,0,0,0,0,0,0,0,0,0,16350
"Total","Reynaldo Lopez","CHW",0.2,3,1,0,0.5,0.5,0,1,0,0,1,0,0,0.5,0,0.5,16400
"Total","Yonny Chirinos","TBR",0.1,1,0,0,0,1,0,0,0,0,1,0,0,0,1,0,16401
"Total","Victor Gonzalez","LAD",0.1,1,0,0,0,1,0,0,0,0,1,0,0,0,0,1,16408
"Total","Blake Taylor","HOU",0.1,1,0,0,0,1,1,0,0,0,0,0,1,1,0,0,16418
"Total","James Norwood","CHC",0.1,2,0,0,0,1,0,0,0,0,0,0,1,0,1,0,16440
"Total","Brent Honeywell","2 Tms",1,3,2,0,1,0,0,0,0,0,1,0,0,0,0.5,0.5,16466
"Total","Ryan Yarbrough","LAD",0.1,1,0,0,0,0,0,0,0,0,0,0,0,0,0,0,16502
"Total","Dan Altavilla","SEA",0.2,2,0,0,0,1,0,0,0,0,1,0,0,0,1,0,16507
"Total","Harrison Musgrave","COL",0.1,1,0,0,0,0,0,0,0,0,0,0,0,0,0,0,16532
"Total","Erik Swanson","2 Tms",0.1,2,1,0.5,0.5,0,0,0,0,0,0.5,0,0.5,0.5,0,0.5,16587
"Total","Jonathan Holder","NYY",0.1,1,0,1,0,0,0,0,0,0,1,0,0,0,0,1,16588
"Total","Bryan Abreu","HOU",0.1,3,2,0,0.666666666,0.333333333,0,0,0.5,0,0.33333333,0.33333333,0.33333333,0.33333333,0.33333333,0.33333333,16609
"Total","Kyle Bird","TEX",0.1,2,0,0,0,1,0,0,0,0,0,0,1,1,0,0,16618
"Total","Jeff Brigham","2 Tms",0.1,3,0,1,0,0,0,0,0,0,1,0,0,0,0,1,16631
"Total","Ryan Thompson","2 Tms",0.1,1,0,0,0,1,0,0,0,0,0,1,0,0,1,0,16647
"Total","Zac Curtis","2 Tms",0.2,2,1,0,1,0,0,0,0,0,0,1,0,1,0,0,16684
"Total","Brock Stewart","MIN",0.1,2,0,0,0,0,0,0,0,0,0,0,0,0,0,0,16727
"Total","Kyle McGrath","SDP",0.1,1,0,0,0,0,0,0,0,0,0,0,0,0,0,0,16793
"Total","Josh James","HOU",0,1,0,0,0,1,0,1,0,0,1,0,0,0,0,1,16794
"Total","Tim Hill","2 Tms",1.1,4,0.5,0,0.333333333,0.666666666,0,0,0,0,0,0.66666667,0.33333333,0.33333333,0.66666667,0,16814
"Total","Brennan Bernardino","BOS",0,0,0,0,0,0,0,0,0,0,0,0,0,0,0,0,16835
"Total","Reed Garrett","WSN",0,2,1,0.5,0.5,0,0,0,0,0,0,0.5,0.5,0.5,0,0.5,16866
"Total","Eric Stout","PIT",0.1,2,1,0,1,0,0,0,0,0,0,1,0,0,1,0,16873
"Total","Greg Mahle","LAA",0.1,2,1,0.5,0.5,0,0,0,0,0,0.5,0.5,0,0.5,0.5,0,16877
"Total","Luke Weaver","SEA",0.1,1,1,0,1,0,0,0,0,0,0,1,0,0,0,1,16918
"Total","Touki Toussaint","ATL",0.1,2,0,0.5,0,0.5,0,0,0,0,0.5,0.5,0,0,0.5,0.5,16929
"Total","Elieser Hernandez","MIA",0.1,1,0,0,0,0,0,0,0,0,0,0,0,0,0,0,16933
"Total","Luis F. Ortiz","SFG",0.1,2,2,0,1,0,0,0,0.5,0,0.5,0.5,0,1,0,0,16942
"Total","Trevor Williams","PIT",0,0,0,0,0,0,0,0,0,0,0,0,0,0,0,0,16977
"Total","Tyler Beede","PIT",0.1,1,1,0,1,0,0,0,0,0,0,1,0,0,1,0,16981
"Total","Tanner Banks","CHW",0,1,0,1,0,0,0,0,0,0,0,0,1,0,1,0,16990
"Total","Trevor Hildenberger","2 Tms",0.2,3,0.5,0,0.333333333,0.666666666,0,0.5,0,0,0.33333333,0.66666667,0,0,0.66666667,0.33333333,17002
"Total","Sean Reid-Foley","2 Tms",0.2,3,0,0,0,1,0,0,0,0,0,1,0,0,1,0,17034
"Total","Joe Palumbo","TEX",0,1,0,0,0,0,0,0,0,0,0,0,0,0,0,0,17035
"Total","Domingo Acevedo","OAK",0.1,2,0,1,0,0,0,0,0,0,0,0,1,0,1,0,17092
"Total","Austin Davis","2 Tms",1,3,1,0,0.5,0.5,0,0,0,0,0.5,0.5,0,0,0,1,17117
"Total","Domingo German","NYY",0.1,1,0,0,0,0,0,0,0,0,0,0,0,0,0,0,17149
"Total","Jose Castillo","SDP",0,1,0,0,0,1,0,0,0,0,0,1,0,0,0,1,17169
"Total","Gabe Speier","KCR",0,2,1,0.5,0.5,0,0,0,0,0,0,1,0,0,0.5,0.5,17170
"Total","Yoan Lopez","ARI",0.2,2,1,0,1,0,0,0,0,0,0,1,0,0,1,0,17181
"Total","Jalen Beeks","TBR",0.1,2,0,0,0,1,0,0,0,0,1,0,0,0,0.5,0.5,17192
"Total","Austin Brice","CIN",0.1,2,1,0,1,0,0,0,0,0,1,0,0,0,1,0,17237
"Total","Sam Coonrod","PHI",0,0,0,0,0,0,0,0,0,0,0,0,0,0,0,0,17264
"Total","Javy Guerra","TBR",0,1,0,1,0,0,0,0,0,0,1,0,0,0,1,0,17292
"Total","Francis Martes","HOU",0.1,2,1,0,1,0,0,0,0,0,0,1,0,0,1,0,17303
"Total","Edgar Santana","2 Tms",1.1,4,1,0,1,0,0,0,0,0,1,0,0,0,1,0,17355
"Total","Brett Martin","TEX",0,0,0,0,0,0,0,0,0,0,0,0,0,0,0,0,17369
"Total","Erick Fedde","WSN",0.1,1,1,0,1,0,0,0,0,0,1,0,0,0,0,1,17425
"Total","Jeff Hoffman","2 Tms",0.2,2,0,0,0,1,0,0,0,0,0,0.5,0.5,0,1,0,17432
"Total","Chad Sobotka","ATL",0,1,0,0,0,1,0,1,0,0,1,0,0,0,0,1,17470
"Total","Albert Abreu","NYY",0,1,0,0,0,0,0,0,0,0,0,0,0,0,0,0,17485
"Total","Genesis Cabrera","STL",1.2,8,0.2,0,0.166666666,0.833333333,0.4,0.2,0,0,0,0.5,0.5,0.33333333,0.16666667,0.5,17490
"Total","Diego Castillo","2 Tms",0,1,0,1,0,0,0,0,0,0,0,1,0,1,0,0,17496
"Total","Jimmy Herget","LAA",0,1,0,0,0,1,0,0,0,0,0,1,0,0,0,1,17556
"Total","JT Brubaker","PIT",0.1,1,0,0,0,1,0,0,0,0,0,1,0,0,1,0,17578
"Total","Tanner Scott","BAL",0.2,2,1,0,1,0,0,0,0,0,1,0,0,0,0,1,17586
"Total","Tanner Rainey","2 Tms",0.1,2,1,0,0.5,0.5,0,1,0,0,0,1,0,0.5,0,0.5,17610
"Total","Taylor Clarke","KCR",0.1,1,0,0,0,0,0,0,0,0,0,0,0,0,0,0,17611
"Total","Justin Lawrence","COL",0.2,2,0,0,0,0,0,0,0,0,0,0,0,0,0,0,17639
"Total","Jeffrey Springs","2 Tms",1.1,4,0.5,0,0.333333333,0.666666666,0,0,0,0,0.66666667,0,0.33333333,0,0.66666667,0.33333333,17677
"Total","Ralph Garza Jr.","MIN",0.1,1,1,0,1,0,0,0,0,0,1,0,0,1,0,0,17682
"Total","Jose Cuas","2 Tms",2.2,10,1.333333333,0.125,0.5,0.375,0,0.333333333,0,0,0.375,0.5,0.125,0.125,0.625,0.25,17701
"Total","Nabil Crismatt","SDP",0.1,1,1,0,1,0,0,0,0,0,1,0,0,0,1,0,17732
"Total","Evan Phillips","2 Tms",0.2,3,0,0,0,1,0,1,0,0,1,0,0,0,0,1,17734
"Total","Tyler Alexander","DET",0.2,2,2,0,1,0,0,0,0,0,0.5,0.5,0,0,1,0,17735
"Total","Drew Smith","NYM",0.1,2,1,0.5,0.5,0,0,0,0,0,0,0.5,0.5,0,0.5,0.5,17755
"Total","Angel Perdomo","MIL",0,1,1,0,1,0,0,0,1,0,0,0,1,1,0,0,17759
"Total","Jose Alvarado","2 Tms",2,7,3,0.25,0.75,0,0,0,0.333333333,0,0.5,0.5,0,0,0.75,0.25,17780
"Total","Jake Brentz","KCR",0.1,1,0,0,0,0,0,0,0,0,0,0,0,0,0,0,17783
"Total","Trey Wingenter","SDP",0.1,3,1,0,0.5,0.5,0,1,0,0,0,1,0,0,0.5,0.5,17793
"Total","Daniel Zamora","NYM",0.1,1,0,0,0,1,0,0,0,0,0,0,1,0,1,0,17811
"Total","Ian Gibaut","CIN",0.2,2,0,0,0,1,0,0,0,0,0,0,1,1,0,0,17871
"Total","Nestor Cortes","NYY",0.1,1,0,0,0,0,0,0,0,0,0,0,0,0,0,0,17874
"Total","Dennis Santana","TEX",0.1,2,1,0,0.5,0.5,1,0,0,0,0.5,0.5,0,0.5,0.5,0,17878
"Total","Tayler Saucedo","SEA",0.1,1,0,0,0,0,0,0,0,0,0,0,0,0,0,0,17888
"Total","Garrett Cleavinger","TBR",0.1,1,0,0,0,0,0,0,0,0,0,0,0,0,0,0,17897
"Total","Brock Burke","TEX",0.2,3,0,0,0,1,0,0,0,0,0,0.5,0.5,0.5,0,0.5,17968
"Total","Phil Maton","2 Tms",0.1,2,1,0.5,0.5,0,0,0,0,0,0.5,0.5,0,0,0.5,0.5,18064
"Total","Matt Hall","DET",0,1,0,1,0,0,0,0,0,0,1,0,0,0,0,1,18076
"Total","Ryan Meisinger","BAL",0,1,0,0,0,1,0,1,0,0,1,0,0,0,0,1,18105
"Total","Ryan Helsley","STL",0.1,1,0,0,0,0,0,0,0,0,0,0,0,0,0,0,18138
"Total","Anthony Misiewicz","2 Tms",0,0,0,0,0,0,0,0,0,0,0,0,0,0,0,0,18152
"Total","James Naile","STL",0,0,0,0,0,0,0,0,0,0,0,0,0,0,0,0,18186
"Total","Art Warren","CIN",0.1,1,0,0,0,0,0,0,0,0,0,0,0,0,0,0,18251
"Total","Zac Grotz","SEA",0.1,2,0,0,0,0,0,0,0,0,0,0,0,0,0,0,18256
"Total","Jarlin Garcia","2 Tms",1,3,1,0,0.5,0.5,1,0,0,0,0.5,0.5,0,0.5,0,0.5,18282
"Total","Tyler Kinley","2 Tms",0.1,2,0,0.5,0,0.5,0,0,0,0,0.5,0.5,0,0,0,1,18297
"Total","Taylor Guilbeau","SEA",0.1,1,0,0,0,1,0,0,0,0,0,1,0,1,0,0,18306
"Total","Carson Fulmer","CHW",0.1,1,0,0,0,1,1,0,0,0,0,0,1,1,0,0,18311
"Total","Josh Sborz","TEX",0.1,2,0,0.5,0,0.5,0,0,0,0,0,0.5,0.5,1,0,0,18323
"Total","Taylor Hearn","TEX",0.1,2,0,0,0,0,0,0,0,0,0,0,0,0,0,0,18325
"Total","Eric Hanhold","BAL",0,3,1,0.5,0.5,0,0,0,0,0,0,0.5,0.5,0,0.5,0.5,18332
"Total","Alex Young","CIN",0.1,2,1,0,1,0,0,0,0,0,1,0,0,0,1,0,18333
"Total","Josh Staumont","KCR",1,4,3,0,0.75,0.25,0,0,0,0,0.5,0.25,0.25,0,0.75,0.25,18335
"Total","Nick Anderson","MIA",0,1,0,0,0,1,0,1,0,0,1,0,0,0,0,1,18337
"Total","Jaime Barria","LAA",0,1,1,0,1,0,0,0,0,0,1,0,0,0,0,1,18356
"Total","Thomas Eshelman","BAL",0.1,1,0,0,0,1,0,0,0,0,1,0,0,1,0,0,18361
"Total","Scott Effross","CHC",0.1,2,0,0,0,1,0,0,0,0,0,1,0,1,0,0,18384
"Total","Enyel De Los Santos","CLE",1,3,1,0.333333333,0.333333333,0.333333333,0,0,0,0,0.33333333,0,0.66666667,0,1,0,18403
"Total","Shea Spitzbarth","PIT",0.1,1,0,0,0,0,0,0,0,0,0,0,0,0,0,0,18475
"Total","Junior Fernandez","STL",0.1,2,0,0,0,1,0,1,0,0,1,0,0,0,0,1,18496
"Total","Josh Rogers","2 Tms",0,2,0,1,0,0,0,0,0,0,0,0,1,0,1,0,18510
"Total","Phil Bickford","2 Tms",0.2,2,1,0,1,0,0,0,0,0,0,1,0,0,1,0,18519
"Total","Sam Hentges","CLE",0,1,0,0,0,1,0,0,0,0,0,1,0,0,1,0,18548
"Total","Logan Allen","CLE",0.1,1,0,0,0,0,0,0,0,0,0,0,0,0,0,0,18555
"Total","Anderson Espinoza","CHC",0.1,1,0,0,0,0,0,0,0,0,0,0,0,0,0,0,18593
"Total","Travis Lakins Sr.","BAL",0,0,0,0,0,0,0,0,0,0,0,0,0,0,0,0,18600
"Total","Hobie Harris","WSN",0.2,3,2,0,1,0,0,0,0,0,0.5,0.5,0,0.5,0,0.5,18615
"Total","A.J. Minter","ATL",0,1,1,0,1,0,0,0,1,0,1,0,0,0,1,0,18655
"Total","Freddy Peralta","MIL",0.2,2,0,0,0,1,0,0,0,0,0,0,1,1,0,0,18679
"Total","Seunghwan Oh","TOR",0.1,1,1,0,1,0,0,0,0,0,0,0,1,0,1,0,18719
"Total","Dillon Peters","PIT",0.1,1,0,0,0,0,0,0,0,0,0,0,0,0,0,0,18790
"Total","Miguel Del Pozo","LAA",0,0,0,0,0,0,0,0,0,0,0,0,0,0,0,0,18792
"Total","Drew Steckenrider","MIA",0.1,3,1,0.333333333,0.333333333,0.333333333,0,1,0,0,0.33333333,0,0.66666667,0,0.33333333,0.66666667,18806
"Total","Miguel Diaz","SDP",0,1,0,1,0,0,0,0,0,0,0,1,0,0,0,1,18815
"Total","Ben Meyer","MIA",0,1,0,0,0,1,0,1,0,0,0,0,1,0,0,1,18854
"Total","Kyle Keller","PIT",0.1,2,0,0,0,1,0,0,0,0,0,1,0,0,1,0,18890
"Total","Tommy Nance","MIA",0,4,1,0,0.5,0.5,0,1,0,0,0.5,0.5,0,0,0.5,0.5,19178
"Total","Kirby Snead","OAK",0.1,1,0,0,0,0,0,0,0,0,0,0,0,0,0,0,19179
"Total","Conner Menez","SFG",0,1,1,0,1,0,0,0,0,0,0,0,1,0,1,0,19199
"Total","Jose Quijada","LAA",0.2,4,1,0,0.5,0.5,0,0,0,0,0,0,1,0.5,0.5,0,19200
"Total","Dakota Hudson","STL",0.2,3,2,0,1,0,0,0,0.5,0,0.5,0.5,0,0.5,0,0.5,19206
"Total","Caleb Baragar","SFG",0.2,2,0,1,0,0,0,0,0,0,0,0,1,0,1,0,19231
"Total","Cole Irvin","BAL",0.1,1,0,0,0,0,0,0,0,0,0,0,0,0,0,0,19244
"Total","Miguel Aguilar","ARI",0.1,1,1,0,1,0,0,0,0,0,1,0,0,0,1,0,19246
"Total","Seranthony Dominguez","PHI",0.1,1,1,0,1,0,0,0,0,0,0,0,1,0,1,0,19249
"Total","Ian Hamilton","NYY",0,1,0,1,0,0,0,0,0,0,0,0,1,1,0,0,19261
"Total","Thomas Hatch","TOR",0.1,1,1,0,1,0,0,0,0,0,0,1,0,0,1,0,19264
"Total","Jacob Webb","LAA",0.2,2,2,0,1,0,0,0,0,0,1,0,0,0.5,0.5,0,19274
"Total","Nick Hernandez","SDP",0.1,2,1,0,1,0,0,0,0,0,0,1,0,0,1,0,19281
"Total","Kyle Dowdy","TEX",0,1,0,1,0,0,0,1,0,0,1,0,0,0,0,1,19285
"Total","Trevor Richards","TOR",0.2,2,0,0,0,1,0,0,0,0,0,1,0,0,0,1,19309
"Total","Reggie McClain","PHI",0.1,1,1,0,1,0,0,0,0,0,1,0,0,0,1,0,19311
"Total","Eric Lauer","MIL",0.1,1,0,0,0,1,0,0,0,0,0,0,1,1,0,0,19316
"Total","Hector Velazquez","BOS",0.1,1,0,0,0,1,0,0,0,0,0,1,0,1,0,0,19341
"Total","Lucas Erceg","OAK",0.1,1,0,0,0,0,0,0,0,0,0,0,0,0,0,0,19360
"Total","Corbin Burnes","MIL",0.1,1,0,0,0,0,0,0,0,0,0,0,0,0,0,0,19361
"Total","Colin Poche","TBR",0,1,0,1,0,0,0,0,0,0,1,0,0,0,1,0,19403
"Total","Yohan Ramirez","PIT",0,1,1,0,1,0,0,0,0,0,0,0,1,0,0,1,19444
"Total","Shaun Anderson","SDP",0.1,1,0,1,0,0,0,0,0,0,1,0,0,0,0,1,19453
"Total","Michael Rucker","CHC",0.1,2,1,0.5,0.5,0,0,0,0,0,0.5,0.5,0,0,1,0,19454
"Total","Kyle Funkhouser","DET",0.1,1,0,0,0,1,0,0,0,0,0,0,1,0,1,0,19456
"Total","Bryan Garcia","DET",0.1,1,0,0,0,1,0,0,0,0,0,1,0,0,1,0,19457
"Total","Andrew Vasquez","3 Tms",1,3,2,0,1,0,0,0,0,0,0.5,0.5,0,1,0,0,19482
"Total","Zach Jackson","OAK",0.1,1,0,0,0,0,0,0,0,0,0,0,0,0,0,0,19493
"Total","Mike Shawaryn","BOS",0.1,1,0,0,0,0,0,0,0,0,0,0,0,0,0,0,19495
"Total","Jason Foley","DET",0,1,1,0,1,0,0,0,0,0,0,1,0,0,0,1,19531
"Total","Ryan Hendrix","CIN",0.1,1,1,0,1,0,0,0,0,0,0,1,0,0,0,1,19535
"Total","Jimmy Lambert","CHW",0.2,4,0,0.5,0,0.5,0,0,0,0,0,0.5,0.5,0,1,0,19541
"Total","Stephen Nogosek","NYM",0.1,1,0,1,0,0,0,0,0,0,0,0,1,1,0,0,19545
"Total","JD Hammer","PHI",0,2,1,0,0.5,0.5,0,1,0,0,0,0.5,0.5,0,0,1,19548
"Total","Geoff Hartlieb","PIT",1,4,2,0.25,0.5,0.25,0,0,0,0,0.5,0.5,0,0,0.75,0.25,19558
"Total","David Bednar","PIT",0.1,1,1,0,1,0,0,0,0,0,1,0,0,0,1,0,19569
"Total","JoJo Romero","STL",0.1,3,1,0,0.5,0.5,0,1,0,0,1,0,0,0,0.5,0.5,19574
"Total","Sean Poppen","ARI",0.1,1,0,0,0,0,0,0,0,0,0,0,0,0,0,0,19583
"Total","Cionel Perez","2 Tms",0.1,1,1,0,1,0,0,0,0,0,0,1,0,0,0,1,19614
"Total","Jordan Hicks","STL",0.1,2,1,0,1,0,0,0,0,0,1,0,0,0,0,1,19618
"Total","Matt Foster","CHW",0.2,4,0.5,0.25,0.25,0.5,0,0.5,0,0,0.25,0.5,0.25,0,0.5,0.5,19647
"Total","Gregory Soto","2 Tms",1,3,1,0,0.5,0.5,0,0,0,0,0,0.5,0.5,0.5,0.5,0,19677
"Total","Jordan Sheffield","COL",0,1,0,0,0,0,0,0,0,0,0,0,0,0,0,0,19682
"Total","Connor Seabold","COL",0.1,4,1,0,1,0,0,0,1,0,1,0,0,0,1,0,19695
"Total","Jonathan Loaisiga","NYY",1,3,1,0,0.5,0.5,0,0,0,0,0,0.5,0.5,0,0.5,0.5,19753
"Total","Reiver Sanmartin","CIN",0.1,1,0,0,0,1,1,0,0,0,0,0,1,1,0,0,19754
"Total","Yoshihisa Hirano","ARI",1.1,4,1,0,0.5,0.5,0.5,0,0,0,0.5,0.25,0.25,0.25,0.75,0,19756
"Total","Will Vest","DET",0.2,3,0.5,0,0.333333333,0.666666666,0,0,0,0,0,0.33333333,0.66666667,0,0.66666667,0.33333333,19769
"Total","Anthony Castro","CLE",0,1,0,0,0,0,0,0,0,0,0,0,0,0,0,0,19789
"Total","Keegan Thompson","CHC",0.1,1,0,0,0,1,0,0,0,0,0,1,0,1,0,0,19795
"Total","Bryan Baker","BAL",0.2,6,2,0.25,0.5,0.25,0,1,0,0,0.5,0.5,0,0,0.5,0.5,19804
"Total","Darwinzon Hernandez","BOS",0.2,2,1,0,1,0,0,0,0,0,1,0,0,0,0,1,19848
"Total","Michael King","NYY",0.2,4,1,0.5,0.5,0,0,0,0,0,1,0,0,0.5,0.5,0,19853
"Total","Brandon Bielak","HOU",0.1,1,0,1,0,0,0,0,0,0,1,0,0,0,0,1,19866
"Total","Drew Carlton","DET",0.1,1,0,0,0,1,0,0,0,0,0,0,1,0,1,0,19868
"Total","Kevin Ginkel","ARI",0,1,0,1,0,0,0,0,0,0,0,1,0,0,1,0,19876
"Total","Gabe Klobosits","WSN",0,0,0,0,0,0,0,0,0,0,0,0,0,0,0,0,19881
"Total","Alex Lange","DET",0.1,2,1,0,1,0,0,0,0,0,1,0,0,0,1,0,19883
"Total","Tony Santillan","CIN",0,1,0,1,0,0,0,0,0,0,1,0,0,0,1,0,19926
"Total","Trevor Stephan","CLE",0.2,3,1,0.333333333,0.333333333,0.333333333,0,0,0,0,0.33333333,0.33333333,0.33333333,0,0.33333333,0.66666667,19932
"Total","Jhon Romero","WSN",0.1,1,1,0,1,0,0,0,0,0,0,1,0,0,1,0,19940
"Total","John Schreiber","2 Tms",0.2,3,1,0.5,0.5,0,0,0,0,0,0,1,0,0,0.5,0.5,20020
"Total","Rico Garcia","BAL",0.1,1,0,0,0,1,0,0,0,0,1,0,0,0,1,0,20023
"Total","Phillip Diehl","COL",0.1,1,0,1,0,0,0,0,0,0,1,0,0,0,0,1,20030
"Total","Jesus Cruz","STL",0.1,1,0,0,0,0,0,0,0,0,0,0,0,0,0,0,20042
"Total","Mauricio Llovera","BOS",0.1,1,0,0,0,1,0,0,0,0,1,0,0,0,1,0,20080
"Total","James Karinchak","CLE",0.1,1,0,0,0,1,1,0,0,0,0,0,1,1,0,0,20151
"Total","Nick Nelson","PHI",0,1,0,1,0,0,0,0,0,0,0,1,0,0,1,0,20153
"Total","Nate Pearson","TOR",0.1,1,1,0,1,0,0,0,0,0,0,0,1,0,1,0,20160
"Total","Kyle Muller","OAK",0.1,1,0,0,0,1,0,0,0,0,0,1,0,0,1,0,20167
"Total","Zach Pop","MIA",0.1,1,0,0,0,0,0,0,0,0,0,0,0,0,0,0,20185
"Total","Chad Smith","COL",0,1,0,0,0,1,0,1,0,0,1,0,0,0,0,1,20190
"Total","Eli Morgan","CLE",0.1,1,0,0,0,1,0,0,0,0,0,1,0,0,1,0,20203
"Total","Mike Baumann","BAL",0.2,2,0,0,0,1,1,0,0,0,0,0,1,1,0,0,20206
"Total","Cory Abbott","CHC",0.1,1,1,0,1,0,0,0,0,0,1,0,0,0,1,0,20277
"Total","Andre Scrubb","HOU",0.1,1,0,0,0,1,0,0,0,0,0,0,1,0,1,0,20329
"Total","Matt Peacock","ARI",0.1,1,0,0,0,1,1,0,0,0,1,0,0,1,0,0,20339
"Total","Steven Wilson","SDP",0.1,2,0,0,0,1,0,0,0,0,0,1,0,1,0,0,20353
"Total","Brusdar Graterol","LAD",1.1,4,3,0,1,0,0,0,0,0,0.33333333,0.66666667,0,0.33333333,0.66666667,0,20367
"Total","Ramon Rosso","PHI",0,2,0,1,0,0,0,0,0,0,0,1,0,0,1,0,20368
"Total","Anthony Kay","TOR",0.2,3,0,0,0,0,0,0,0,0,0,0,0,0,0,0,20387
"Total","Josh Fleming","TBR",0.1,2,1,0,1,0,0,0,0,0,1,0,0,1,0,0,20418
"Total","Jovani Moran","MIN",0.1,3,2,0,1,0,0,0,0,0,1,0,0,0,0.5,0.5,20422
"Total","Ryan Walker","SFG",0,1,0,1,0,0,0,0,0,0,0,1,0,0,1,0,20423
"Total","Rony Garcia","DET",0,1,0,0,0,1,0,0,0,0,1,0,0,0,1,0,20430
"Total","Enoli Paredes","HOU",0.1,3,0,0,0,1,0,0,0,0,0,0,1,0,1,0,20447
"Total","J.B. Bukauskas","ARI",0.1,2,1,0,1,0,0,0,0,0,1,0,0,0,1,0,20491
"Total","Kyle Nelson","2 Tms",0,4,1,0.5,0.5,0,0,0,0,0,0.5,0,0.5,0,0.5,0.5,20515
"Total","Nick Sandlin","CLE",1.1,4,0.5,0,0.333333333,0.666666666,0,0,0,0,0.33333333,0.33333333,0.33333333,0.33333333,0.66666667,0,20517
"Total","Phoenix Sanders","TBR",0.1,1,1,0,1,0,0,0,0,0,0,1,0,0,1,0,20541
"Total","Adrian Martinez","OAK",0.2,3,1,0.5,0.5,0,0,0,0,0,0.5,0,0.5,0.5,0.5,0,21023
"Total","Seth Martinez","HOU",0.1,1,1,0,1,0,0,0,0,0,0,1,0,0,1,0,21045
"Total","Alexis Diaz","CIN",0.1,1,1,0,1,0,0,0,0,0,0,1,0,0,0,1,21132
"Total","Brooks Kriske","NYY",0,0,0,0,0,0,0,0,0,0,0,0,0,0,0,0,21189
"Total","Connor Brogdon","PHI",0.1,1,0,0,0,1,0,0,0,0,0,0,1,0,1,0,21205
"Total","Jake Bird","COL",0.1,3,1,0.5,0.5,0,0,0,0,0,0,0.5,0.5,0.5,0,0.5,21267
"Total","Lucas Gilbreath","COL",0.1,4,1,0,1,0,0,0,0,0,1,0,0,0,1,0,21290
"Total","Parker Mushinski","HOU",0.1,1,0,1,0,0,0,0,0,0,0,1,0,0,1,0,21324
"Total","Yerry De Los Santos","PIT",0.1,1,0,0,0,1,0,0,0,0,0,1,0,0,1,0,21420
"Total","Cole Sands","MIN",0,0,0,0,0,0,0,0,0,0,0,0,0,0,0,0,21461
"Total","Thaddeus Ward","WSN",0.1,1,0,0,0,0,0,0,0,0,0,0,0,0,0,0,21513
"Total","Reiss Knehr","SDP",0.1,1,1,0,1,0,0,0,0,0,1,0,0,0,0,1,21541
"Total","Jackson Kowar","KCR",0.2,2,1,0.5,0.5,0,0,0,0,0,1,0,0,0,1,0,21549
"Total","Elvis Peguero","MIL",0.1,1,1,0,1,0,0,0,0,0,1,0,0,1,0,0,21652
"Total","Cole Ragans","TEX",0.1,1,0,0,0,1,0,0,0,0,0,0,1,1,0,0,21846
"Total","Mason Thompson","WSN",0.1,1,0,0,0,0,0,0,0,0,0,0,0,0,0,0,21850
"Total","Gregory Santos","CHW",0.2,2,2,0,1,0,0,0,0,0,0.5,0.5,0,0,1,0,21894
"Total","Yerry Rodriguez","TEX",0.1,1,1,0,1,0,0,0,0,0,0,0,1,0,0,1,21955
"Total","Luis Frias","ARI",0.1,1,1,0,1,0,0,0,0,0,1,0,0,0,1,0,21997
"Total","Aaron Fletcher","SEA",0,0,0,0,0,0,0,0,0,0,0,0,0,0,0,0,22052
"Total","Jose Soriano","LAA",1,3,1,0,1,0,0,0,0,0,1,0,0,1,0,0,22100
"Total","DL Hall","BAL",0.1,1,0,0,0,0,0,0,0,0,0,0,0,0,0,0,22207
"Total","Mac Sceroler","BAL",0.1,1,0,0,0,1,0,0,0,0,1,0,0,1,0,0,22218
"Total","Paul Campbell","MIA",0.1,1,0,0,0,1,0,0,0,0,0,0,1,0,1,0,22248
"Total","Dylan Coleman","KCR",0,0,0,0,0,0,0,0,0,0,0,0,0,0,0,0,22276
"Total","Mason Englert","DET",0.1,1,0,0,0,1,1,0,0,0,1,0,0,1,0,0,22288
"Total","Matthew Liberatore","STL",0.1,1,0,0,0,0,0,0,0,0,0,0,0,0,0,0,22294
"Total","Joe Barlow","TEX",0.1,1,0,0,0,0,0,0,0,0,0,0,0,0,0,0,22296
"Total","A.J. Alexy","TEX",0.1,1,1,0,1,0,0,0,0,0,1,0,0,0,1,0,22343
"Total","Colin Holderman","PIT",0.2,3,0,0,0,1,0,0,0,0,0,0,1,0,1,0,22361
"Total","Josh Winckowski","BOS",0.1,1,0,1,0,0,0,0,0,0,0,0,1,0,0,1,22387
"Total","Carlos Hernandez","KCR",0.1,1,0,0,0,0,0,0,0,0,0,0,0,0,0,0,22713
"Total","Roansy Contreras","PIT",0,0,0,0,0,0,0,0,0,0,0,0,0,0,0,0,22810
"Total","Luis Patino","2 Tms",1,3,0.5,0,0.333333333,0.666666666,0.5,0,0,0,0.33333333,0.33333333,0.33333333,0.33333333,0.33333333,0.33333333,22815
"Total","Jose Lopez","TBR",0,1,0,1,0,0,0,0,0,0,1,0,0,0,0,1,22982
"Total","Michael Plassmeyer","PHI",0.1,1,0,0,0,0,0,0,0,0,0,0,0,0,0,0,23191
"Total","Cody Bolton","PIT",0.2,2,0,1,0,0,0,0,0,0,0,1,0,0,0,1,23265
"Total","Packy Naughton","STL",0.1,2,0,0,0,0,0,0,0,0,0,0,0,0,0,0,23292
"Total","Codi Heuer","CHW",0.2,2,2,0,1,0,0,0,0,0,0.5,0,0.5,0,1,0,23293
"Total","Collin Snider","KCR",0.1,2,1,0.5,0.5,0,0,0,0,0,0,1,0,0,1,0,23307
"Total","Tom Cosgrove","SDP",0.2,2,0,0,0,1,0,0,0,0,1,0,0,0,1,0,23443
"Total","Brandon Hughes","CHC",0.1,1,0,1,0,0,0,0,0,0,0,1,0,1,0,0,23460
"Total","Ron Marinaccio","NYY",1.1,5,0,0,0,1,0,0,0,0,0.25,0.75,0,0.25,0.5,0.25,23488
"Total","Josh Walker","NYM",0,0,0,0,0,0,0,0,0,0,0,0,0,0,0,0,23617
"Total","Andrew Wantz","LAA",0.1,1,1,0,1,0,0,0,0,0,0,1,0,0,1,0,24933
"Total","Austin Warren","LAA",0,0,0,0,0,0,0,0,0,0,0,0,0,0,0,0,24937
"Total","Colin Selby","PIT",0.1,1,1,0,1,0,0,0,0,0,0,0,1,0,0,1,24986
"Total","Evan Lee","WSN",0,0,0,0,0,0,0,0,0,0,0,0,0,0,0,0,24988
"Total","Alex Vesia","2 Tms",0.1,3,0.5,0,0.333333333,0.666666666,0,0.5,1,0,0.33333333,0.66666667,0,0.33333333,0.33333333,0.33333333,25007
"Total","Penn Murfee","SEA",0.2,2,2,0,1,0,0,0,0,0,1,0,0,0.5,0.5,0,25174
"Total","Nick Mears","PIT",0.2,3,1,0,1,0,0,0,0,0,1,0,0,0,0,1,25376
"Total","Drew Rasmussen","MIL",0.1,1,0,0,0,1,0,0,0,0,0,0,1,0,0,1,25385
"Total","Joe La Sorsa","WSN",0.1,1,0,0,0,0,0,0,0,0,0,0,0,0,0,0,25481
"Total","Isaiah Campbell","SEA",0.1,2,0,0,0,1,0,0,0,0,0,0,1,0,1,0,25551
"Total","McKinley Moore","PHI",0.1,1,1,0,1,0,0,0,0,0,1,0,0,0,1,0,25663
"Total","Kevin Kelly","TBR",0.2,2,1,0,0.5,0.5,0,0,0,0,0.5,0.5,0,0,0.5,0.5,25679
"Total","Matt Brash","SEA",1,5,3,0,1,0,0,0,0.333333333,0,0.33333333,0.66666667,0,0.33333333,0.33333333,0.33333333,25756
"Total","Zack Thompson","STL",0.1,1,0,1,0,0,0,0,0,0,0,1,0,0,0,1,25918
"Total","Casey Legumina","CIN",0,1,0,1,0,0,0,0,0,0,1,0,0,0,0,1,25921
"Total","Andrew Nardi","MIA",1,4,3,0,1,0,0,0,0,0,1,0,0,0,0.66666667,0.33333333,25942
"Total","Kolton Ingram","LAA",0.1,2,1,0,1,0,0,0,0,0,0,0,1,0,1,0,26068
"Total","Andre Pallante","STL",0.2,2,1,0,1,0,0,0,0,0,0,0,1,1,0,0,26108
"Total","Bryan Hoeing","MIA",0,1,0,1,0,0,0,0,0,0,1,0,0,0,0,1,26304
"Total","Alec Marsh","KCR",0.1,1,0,0,0,0,0,0,0,0,0,0,0,0,0,0,27451
"Total","Garrett Crochet","CHW",0.1,1,1,0,1,0,0,0,0,0,0,1,0,0,1,0,27463
"Total","Hyeon-Jong Yang","TEX",0.1,2,0,0.5,0,0.5,0,0,0,0,0.5,0,0.5,0.5,0,0.5,27513
"Total","Hirokazu Sawamura","BOS",1.2,7,0,0.5,0,0.5,0,0,0,0,0,0.5,0.5,0.5,0,0.5,27515
"Total","Carson Spiers","CIN",0.1,1,0,0,0,0,0,0,0,0,0,0,0,0,0,0,27685
"Total","Gavin Stone","LAD",0.1,1,1,0,1,0,0,0,0,0,1,0,0,0,1,0,27792
"Total","Sam Bachman","LAA",0.1,1,1,0,1,0,0,0,0,0,1,0,0,0,1,0,29754
"Total","Ben Joyce","LAA",0.1,1,1,0,1,0,0,0,0,0,0,1,0,1,0,0,31461
"Total","Mason Miller","OAK",0.1,1,0,0,0,0,0,0,0,0,0,0,0,0,0,0,31757
"Total","Shintaro Fujinami","BAL",0.1,4,1,0.5,0.5,0,0,0,0,0,0.5,0.5,0,0,1,0,31839